album_artist,album,track_artist,track,isrc,upc,release_date,year,provider,capif,sello
La Banda Al Rojo Vivo,Déjame Intentar,La Banda Al Rojo Vivo,Pingüinos en la Cama,ES71G1921574,8429006413713.0,2008-01-01 00:00:00,2008,fuga,SI,
La Banda Al Rojo Vivo,Déjame Intentar,La Banda Al Rojo Vivo,Mi Vida Eres Tú / por Qué Será,ES71G1921573,8429006413713.0,2008-01-01 00:00:00,2008,fuga,SI,
La Banda Al Rojo Vivo,Déjame Intentar,La Banda Al Rojo Vivo,Apagaré la Luz,ES71G1921572,8429006413713.0,2008-01-01 00:00:00,2008,fuga,SI,
La Banda Al Rojo Vivo,Déjame Intentar,La Banda Al Rojo Vivo,Futura Mamá,ES71G1921571,8429006413713.0,2008-01-01 00:00:00,2008,fuga,SI,
La Banda Al Rojo Vivo,Déjame Intentar,La Banda Al Rojo Vivo,Si Me Dejan,ES71G1921570,8429006413713.0,2008-01-01 00:00:00,2008,fuga,SI,
La Banda Al Rojo Vivo,Déjame Intentar,La Banda Al Rojo Vivo,Celos,ES71G1921569,8429006413713.0,2008-01-01 00:00:00,2008,fuga,SI,
La Banda Al Rojo Vivo,Déjame Intentar,La Banda Al Rojo Vivo,Ella,ES71G1921568,8429006413713.0,2008-01-01 00:00:00,2008,fuga,SI,
La Banda Al Rojo Vivo,Déjame Intentar,La Banda Al Rojo Vivo,Solamente Loco,ES71G1921567,8429006413713.0,2008-01-01 00:00:00,2008,fuga,SI,
La Banda Al Rojo Vivo,Déjame Intentar,La Banda Al Rojo Vivo,Desilusioname,ES71G1921566,8429006413713.0,2008-01-01 00:00:00,2008,fuga,SI,
La Banda Al Rojo Vivo,Déjame Intentar,La Banda Al Rojo Vivo,Tú Eres Sexy / Creer en el Alma,ES71G1921565,8429006413713.0,2008-01-01 00:00:00,2008,fuga,SI,
La Banda Al Rojo Vivo,Déjame Intentar,La Banda Al Rojo Vivo,Déjame Intentar,ES71G1921564,8429006413713.0,2008-01-01 00:00:00,2008,fuga,SI,
La Banda Al Rojo Vivo,Déjame Intentar,La Banda Al Rojo Vivo,Si Tu Boquita Fuera,ES71G1921563,8429006413713.0,2008-01-01 00:00:00,2008,fuga,SI,
La Banda Al Rojo Vivo,Déjame Intentar,La Banda Al Rojo Vivo,Te Quiero,ES71G1921562,8429006413713.0,2008-01-01 00:00:00,2008,fuga,SI,
La Banda Al Rojo Vivo,Déjame Intentar,La Banda Al Rojo Vivo,Otro Ocupa Mi Lugar,ES71G1921561,8429006413713.0,2008-01-01 00:00:00,2008,fuga,SI,
La Banda Al Rojo Vivo,Déjame Intentar,La Banda Al Rojo Vivo,Corazón Mágico,ES71G1921560,8429006413713.0,2008-01-01 00:00:00,2008,fuga,SI,
La Banda Al Rojo Vivo,Déjame Intentar,La Banda Al Rojo Vivo,Te Fuiste,ES71G1921559,8429006413713.0,2008-01-01 00:00:00,2008,fuga,SI,
La Banda Al Rojo Vivo,Déjame Intentar,La Banda Al Rojo Vivo,Presentación / Desafío,ES71G1921558,8429006413713.0,2008-01-01 00:00:00,2008,fuga,SI,
La Banda Al Rojo Vivo,Una Noche en Llamas (En Vivo en la Rioja),La Banda Al Rojo Vivo,Otro Ocupa Mi Lugar /  Maravillosa Esta Noche,ES71G1921537,8429006413669.0,2008-01-01 00:00:00,2008,fuga,SI,
La Banda Al Rojo Vivo,Una Noche en Llamas (En Vivo en la Rioja),La Banda Al Rojo Vivo,Hacer el Amor Con Otra / Cachetada,ES71G1921536,8429006413669.0,2009-05-31 00:00:00,2009,fuga,SI,
La Banda Al Rojo Vivo,Una Noche en Llamas (En Vivo en la Rioja),La Banda Al Rojo Vivo,Déjame Intentar,ES71G1921535,8429006413669.0,2009-05-31 00:00:00,2009,fuga,SI,
La Banda Al Rojo Vivo,Una Noche en Llamas (En Vivo en la Rioja),La Banda Al Rojo Vivo,Qué Lloro,ES71G1921534,8429006413669.0,2009-05-31 00:00:00,2009,fuga,SI,
La Banda Al Rojo Vivo,Una Noche en Llamas (En Vivo en la Rioja),La Banda Al Rojo Vivo,El Avión,ES71G1921533,8429006413669.0,2009-05-31 00:00:00,2009,fuga,SI,
La Banda Al Rojo Vivo,Una Noche en Llamas (En Vivo en la Rioja),La Banda Al Rojo Vivo,Te Quiero Abrazar Bien Fuerte / la Fiesta Ya Empezó,ES71G1921532,8429006413669.0,2009-05-31 00:00:00,2009,fuga,SI,
La Banda Al Rojo Vivo,Una Noche en Llamas (En Vivo en la Rioja),La Banda Al Rojo Vivo,Te Quiero,ES71G1921531,8429006413669.0,2009-05-31 00:00:00,2009,fuga,SI,
La Banda Al Rojo Vivo,Una Noche en Llamas (En Vivo en la Rioja),La Banda Al Rojo Vivo,Me Enamora,ES71G1921530,8429006413669.0,2009-05-31 00:00:00,2009,fuga,SI,
La Banda Al Rojo Vivo,Una Noche en Llamas (En Vivo en la Rioja),La Banda Al Rojo Vivo,Canción de Despedida,ES71G1921529,8429006413669.0,2009-05-31 00:00:00,2009,fuga,SI,
La Banda Al Rojo Vivo,Una Noche en Llamas (En Vivo en la Rioja),La Banda Al Rojo Vivo,El Universal,ES71G1921528,8429006413669.0,2009-05-31 00:00:00,2009,fuga,SI,
La Banda Al Rojo Vivo,Una Noche en Llamas (En Vivo en la Rioja),La Banda Al Rojo Vivo,Amor Clasificado,ES71G1921527,8429006413669.0,2009-05-31 00:00:00,2009,fuga,SI,
La Banda Al Rojo Vivo,Una Noche en Llamas (En Vivo en la Rioja),La Banda Al Rojo Vivo,Ojalá Que No Puedas,ES71G1921526,8429006413669.0,2009-05-31 00:00:00,2009,fuga,SI,
La Banda Al Rojo Vivo,Una Noche en Llamas (En Vivo en la Rioja),La Banda Al Rojo Vivo,Corazón Mágico,ES71G1921525,8429006413669.0,2009-05-31 00:00:00,2009,fuga,SI,
La Banda Al Rojo Vivo,Una Noche en Llamas (En Vivo en la Rioja),La Banda Al Rojo Vivo,Dobe Personalidad / Pídeme la Luna,ES71G1921524,8429006413669.0,2009-05-31 00:00:00,2009,fuga,SI,
La Banda Al Rojo Vivo,Una Noche en Llamas (En Vivo en la Rioja),La Banda Al Rojo Vivo,Te Amo,ES71G1921523,8429006413669.0,2009-05-31 00:00:00,2009,fuga,SI,
La Banda Al Rojo Vivo,Una Noche en Llamas (En Vivo en la Rioja),La Banda Al Rojo Vivo,Presentación / Ni una Sola Palabra / Línea Ocupada,ES71G1921522,8429006413669.0,2009-05-31 00:00:00,2009,fuga,SI,
Ariel Casco,Peligrosa,Ariel Casco,Peligrosa,ARHXW2002105,8445162107044.0,2020-06-12 00:00:00,2020,orchard,NO,
Kumbia Melody,Kumbia Melody,Kumbia Melody,Perdoname,ARHXW2002671,8445162137744.0,2020-07-03 00:00:00,2020,orchard,NO,
Kumbia Melody,Kumbia Melody,Kumbia Melody,Vuelve,ARHXW2002670,8445162137744.0,2020-06-20 00:00:00,2020,orchard,NO,
Kumbia Melody,Kumbia Melody,Kumbia Melody,Un Secreto,ARHXW2002669,8445162137744.0,2020-06-20 00:00:00,2020,orchard,NO,
Kumbia Melody,Kumbia Melody,Kumbia Melody,Solo Mia,ARHXW2002668,8445162137744.0,2020-06-20 00:00:00,2020,orchard,NO,
Kumbia Melody,Kumbia Melody,Kumbia Melody,Me Vas a Extrañar,ARHXW2002667,8445162137744.0,2020-06-20 00:00:00,2020,orchard,NO,
Kumbia Melody,Kumbia Melody,Kumbia Melody,Martes 13,ARHXW2002666,8445162137744.0,2020-06-20 00:00:00,2020,orchard,NO,
Kumbia Melody,Kumbia Melody,Kumbia Melody,La Ultima Cita,ARHXW2002665,8445162137744.0,2020-06-20 00:00:00,2020,orchard,NO,
Kumbia Melody,Kumbia Melody,Kumbia Melody,Felices los 4,ARHXW2002664,8445162137744.0,2020-06-20 00:00:00,2020,orchard,NO,
Kumbia Melody,Kumbia Melody,Kumbia Melody,Dime por Que,ARHXW2002663,8445162137744.0,2020-06-20 00:00:00,2020,orchard,NO,
Kumbia Melody,Kumbia Melody,Kumbia Melody,Dame una Oportunidad,ARHXW2002662,8445162137744.0,2020-06-20 00:00:00,2020,orchard,NO,
Kumbia Melody,Kumbia Melody,Kumbia Melody,Como Perro y Gato,ARHXW2002661,8445162137744.0,2020-06-20 00:00:00,2020,orchard,NO,
Kumbia Melody,Kumbia Melody,Kumbia Melody,Caprichosa,ARHXW2002660,8445162137744.0,2020-06-20 00:00:00,2020,orchard,NO,
Krom|Tiago PZK|Emkier,Nena Percocet,Krom|Tiago PZK|Emkier featuring Yung Fran,Nena Percocet,QZFYX1981245,8445162487856.0,2019-06-08 00:00:00,2019,orchard,NO,
Agus Gomez|Amiel|Neko,Whisky Con Pomelo (Remix),Agus Gomez|Amiel|Neko,Whisky Con Pomelo (Remix),GBSMU7967849,8445162487788.0,2019-12-20 00:00:00,2019,orchard,NO,
Juani Cumbia Base,Juani Cumbia Base,Juani Cumbia Base,Tú Me Haces Falta,ES71G1921136,8429006412242.0,2016-05-27 00:00:00,2016,ada,NO,
Maxi y La Champions Liga,Maxi y La Champions Liga,Maxi y La Champions Liga,El Culpable Soy Yo,QM3DF2297132,1963621638511.0,2013-08-09 00:00:00,2013,dashgo,SI,
Maxi y La Champions Liga,Maxi y La Champions Liga,Maxi y La Champions Liga,"Llora, Me Llama",ARA821301194,1963621638511.0,2013-08-09 00:00:00,2013,dashgo,NO,
Maxi y La Champions Liga,Maxi y La Champions Liga,Maxi y La Champions Liga,Dime Si Eres Feliz,ARA821301195,1963621638511.0,2013-08-09 00:00:00,2013,dashgo,NO,
Maxi y La Champions Liga,Maxi y La Champions Liga,Maxi y La Champions Liga,Por Las Noches,ARA821301196,1963621638511.0,2013-08-09 00:00:00,2013,dashgo,NO,
Maxi y La Champions Liga,Maxi y La Champions Liga,Maxi y La Champions Liga,No Puedo Vivir Sin Ti,ARA821301197,1963621638511.0,2013-08-09 00:00:00,2013,dashgo,NO,
Maxi y La Champions Liga,Maxi y La Champions Liga,Maxi y La Champions Liga,Tu Sin Mi,ARA821301198,1963621638511.0,2013-08-09 00:00:00,2013,dashgo,NO,
Maxi y La Champions Liga,Maxi y La Champions Liga,Maxi y La Champions Liga,Y Todo el Dia Pienso en Ti,ARA821301200,1963621638511.0,2013-08-09 00:00:00,2013,dashgo,NO,
Maxi y La Champions Liga,Maxi y La Champions Liga,Maxi y La Champions Liga,Besame Otra Vez,ARA821301201,1963621638511.0,2013-08-09 00:00:00,2013,dashgo,NO,
Maxi y La Champions Liga,Maxi y La Champions Liga,Maxi y La Champions Liga,Debes Buscar un Nuevo Amor,ARA821301202,1963621638511.0,2013-08-09 00:00:00,2013,dashgo,NO,
Maxi y La Champions Liga,Maxi y La Champions Liga,Maxi y La Champions Liga,"Besame, Pt",ARA821301203,1963621638511.0,2013-08-09 00:00:00,2013,dashgo,NO,
Maxi y La Champions Liga,Maxi y La Champions Liga,Maxi y La Champions Liga,"Llorare, Lloraras",ARA821301204,1963621638511.0,2013-08-09 00:00:00,2013,dashgo,NO,
Maxi y La Champions Liga,Maxi y La Champions Liga,Maxi y La Champions Liga,Hoy Puedo Ser Feliz,ARA821301205,1963621638511.0,2013-08-09 00:00:00,2013,dashgo,NO,
Maxi y La Champions Liga,Maxi y La Champions Liga,Maxi y La Champions Liga,Te Quiero Tanto,ARA821301206,1963621638511.0,2013-08-09 00:00:00,2013,dashgo,NO,
Maxi y La Champions Liga,Maxi y La Champions Liga,Maxi y La Champions Liga,Baila Como Tu Quieras,ARA821301207,1963621638511.0,2013-08-09 00:00:00,2013,dashgo,NO,
Bianca Lif|ECKO,Bikini,Bianca Lif|ECKO,Bikini,AR5UH2401735,8721253634904.0,2025-01-30 00:00:00,2025.0,fuga,NO,
Juani Cumbia Base,Juani Cumbia Base,Juani Cumbia Base,Yo Te Haré Feliz,ES71G1921135,8429006412242.0,2016-05-27 00:00:00,2016,ada,NO,
Juani Cumbia Base,Juani Cumbia Base,Juani Cumbia Base,Olvidarte,ES71G1921134,8429006412242.0,2016-05-27 00:00:00,2016,ada,NO,
Juani Cumbia Base,Juani Cumbia Base,Juani Cumbia Base,Me Voy Muy Lejos,ES71G1921133,8429006412242.0,2016-05-27 00:00:00,2016,ada,NO,
Juani Cumbia Base,Juani Cumbia Base,Juani Cumbia Base,La Mejor de Todas,ES71G1921132,8429006412242.0,2016-05-27 00:00:00,2016,ada,NO,
Juani Cumbia Base,Juani Cumbia Base,Juani Cumbia Base,Mujer de Piedra,ES71G1921131,8429006412242.0,2016-05-27 00:00:00,2016,ada,NO,
Juani Cumbia Base,Juani Cumbia Base,Juani Cumbia Base,Qué Noche Loca,ES71G1921130,8429006412242.0,2016-05-27 00:00:00,2016,ada,NO,
Juani Cumbia Base,Juani Cumbia Base,Juani Cumbia Base,No Te Creas Tan Importante,ES71G1921129,8429006412242.0,2016-05-27 00:00:00,2016,ada,NO,
Alexander Caniggia,Siempre al Top,Alexander Caniggia featuring Charlotte Caniggia,Siempre al Top,QZ22B1744730,8429006431960.0,2017-01-21 00:00:00,2017,ada,NO,
Alexander Caniggia,Congelé Mi Corazón,Alexander Caniggia,Congelé Mi Corazón,QZ22B1849842,8429006431830.0,2017-10-24 00:00:00,2017,ada,NO,
Krom,Megan Fox,Krom,Megan Fox,QZDA81826182,8445162487863.0,2018-08-10 00:00:00,2018,ada,NO,
Alexander Caniggia,Barats,Alexander Caniggia,Barats,ES71G1926497,8429006431809.0,2018-10-14 00:00:00,2018,ada,NO,
Agus Gomez,Siempre,Agus Gomez,Siempre,GBSMU6063708,8445162487740.0,2019-01-11 00:00:00,2019,ada,NO,
Alexander Caniggia,Me Va a Extrañar,Alexander Caniggia featuring Zeta NM,Me Va a Extrañar,ES71G1926498,8429006431847.0,2019-01-11 00:00:00,2019,ada,NO,
Krom,Free Pass,Krom,Free Pass,QZDA71987719,8445162487887.0,2019-02-20 00:00:00,2019,ada,NO,
Agus Gomez,Whisky Con Pomelo,Agus Gomez,Whisky Con Pomelo,GBSMU6357781,8445162487771.0,2019-04-12 00:00:00,2019,ada,NO,
La Milonga,Soplame Que Me Quemo,La Milonga,Lápiz y Papel (Remix),ES71G1921122,8429006412136.0,2016-05-27 00:00:00,2016,ada,NO,
La Milonga,Soplame Que Me Quemo,La Milonga,Soplame Que Me Quemo (Remix),ES71G1921121,8429006412136.0,2019-05-27 00:00:00,2019,ada,NO,
La Milonga,Soplame Que Me Quemo,La Milonga,Me Tenés Cansado,ES71G1921120,8429006412136.0,2019-05-27 00:00:00,2019,ada,NO,
La Milonga,Soplame Que Me Quemo,La Milonga,En Cuatro Te Veo,ES71G1921119,8429006412136.0,2019-05-27 00:00:00,2019,ada,NO,
La Milonga,Soplame Que Me Quemo,La Milonga,Si Me Vas a Abandonar,ES71G1921118,8429006412136.0,2019-05-27 00:00:00,2019,ada,NO,
La Milonga,Soplame Que Me Quemo,La Milonga,Levantando las Manos,ES71G1921117,8429006412136.0,2019-05-27 00:00:00,2019,ada,NO,
La Milonga,Soplame Que Me Quemo,La Milonga,Te Recordaré,ES71G1921116,8429006412136.0,2019-05-27 00:00:00,2019,ada,NO,
La Milonga,Soplame Que Me Quemo,La Milonga,Lapiz y Papel,ES71G1921115,8429006412136.0,2019-05-27 00:00:00,2019,ada,NO,
La Milonga,Soplame Que Me Quemo,La Milonga,Ingrata,ES71G1921114,8429006412136.0,2019-05-27 00:00:00,2019,ada,NO,
La Milonga,Soplame Que Me Quemo,La Milonga,Andrés,ES71G1921113,8429006412136.0,2019-05-27 00:00:00,2019,ada,NO,
La Milonga,Soplame Que Me Quemo,La Milonga,Esta Milonga,ES71G1921112,8429006412136.0,2019-05-27 00:00:00,2019,ada,NO,
La Milonga,Soplame Que Me Quemo,La Milonga,Soplame Que Me Quemo,ES71G1921111,8429006412136.0,2019-05-27 00:00:00,2019,ada,NO,
Agus Gomez,Sin Tiempo,Agus Gomez,Sin Tiempo,GBSMU6489842,8445162487757.0,2019-05-28 00:00:00,2019,ada,NO,
Yago,Mia,Yago,Mia,GBSMU6822304,8445162487801.0,2019-06-04 00:00:00,2019,ada,NO,
Daka|Tiago PZK,Loba,Daka|Tiago PZK,Loba,QZHN51934881,8445162490764.0,2019-09-28 00:00:00,2019,ada,NO,
Ariel Casco,Junto a Mi,Ariel Casco,Junto a Mi,ARHXW2002104,8445162107020.0,2020-05-24 00:00:00,2020,ada,NO,
Ariel Casco,Mi Tesoro,Ariel Casco,Mi Tesoro,ARHXW2002268,8445162116893.0,2020-05-29 00:00:00,2020,ada,NO,
Ariel Casco|Amapola,Sería un Error,Ariel Casco|Amapola,Sería un Error,ARHXW2002269,8445162116909.0,2020-06-20 00:00:00,2020,ada,NO,
Daka,#EllaEsBella,Daka featuring Tiago PZK,#EllaEsBella,QZHN82061304,8445162487832.0,2020-06-23 00:00:00,2020,ada,NO,
Daka,Dejalo Ir,Daka featuring Yuliana Martinez,Dejalo Ir,QZHN82070191,8445162487849.0,2020-06-24 00:00:00,2020,ada,NO,
La Banda Al Rojo Vivo,Fenix,La Banda Al Rojo Vivo,Un Poco de Respeto,ARA821400329,8445162160155.0,2020-07-10 00:00:00,2020,fuga,SI,
La Banda Al Rojo Vivo,Fenix,La Banda Al Rojo Vivo,No Pude Quitarle las Espinas,ARA821400328,8445162160155.0,2020-07-13 00:00:00,2020,fuga,SI,
La Banda Al Rojo Vivo,Fenix,La Banda Al Rojo Vivo,Te Perdí,ARA821400327,8445162160155.0,2020-07-13 00:00:00,2020,fuga,SI,
La Banda Al Rojo Vivo,Fenix,La Banda Al Rojo Vivo,Conmigo o Con él,ARA821400326,8445162160155.0,2020-07-13 00:00:00,2020,fuga,SI,
La Banda Al Rojo Vivo,Fenix,La Banda Al Rojo Vivo,Once y Media,ARA821400325,8445162160155.0,2020-07-13 00:00:00,2020,fuga,SI,
La Banda Al Rojo Vivo,Fenix,La Banda Al Rojo Vivo,Ahora Quiere Volver,ARA821400324,8445162160155.0,2020-07-13 00:00:00,2020,fuga,SI,
La Banda Al Rojo Vivo,Fenix,La Banda Al Rojo Vivo,Que Par de Pájaros,ARA821400323,8445162160155.0,2020-07-13 00:00:00,2020,fuga,SI,
La Banda Al Rojo Vivo,Fenix,La Banda Al Rojo Vivo,Ya No Me Duele,ARA821400322,8445162160155.0,2020-07-13 00:00:00,2020,fuga,SI,
La Banda Al Rojo Vivo,Fenix,La Banda Al Rojo Vivo,Amor de Mañana,ARA821400321,8445162160155.0,2020-07-13 00:00:00,2020,fuga,SI,
La Banda Al Rojo Vivo,Fenix,La Banda Al Rojo Vivo,Tu Sin Mi,ARA821400320,8445162160155.0,2020-07-13 00:00:00,2020,fuga,SI,
La Banda Al Rojo Vivo,Fenix,La Banda Al Rojo Vivo,Tan Solo Tú,ARA821400319,8445162160155.0,2020-07-13 00:00:00,2020,fuga,SI,
La Banda Al Rojo Vivo,Fenix,La Banda Al Rojo Vivo,Va Todo al Ganador,ARA821400318,8445162160155.0,2020-07-13 00:00:00,2020,fuga,SI,
La Banda Al Rojo Vivo,Fenix,La Banda Al Rojo Vivo,Amor Secreto,ARA821400317,8445162160155.0,2020-07-13 00:00:00,2020,fuga,SI,
La Banda Al Rojo Vivo,Fenix,La Banda Al Rojo Vivo,Fuiste Tú,ARA821400316,8445162160155.0,2020-07-13 00:00:00,2020,fuga,SI,
La Banda Al Rojo Vivo,Fenix,La Banda Al Rojo Vivo,La Chica de la Moto,ARA821400315,8445162160155.0,2020-07-13 00:00:00,2020,fuga,SI,
Ariel Casco,Tonta,Ariel Casco,Tonta,ARBF32000001,8445162154352.0,2020-07-17 00:00:00,2020,ada,NO,
Kumbia Melody,A Chillar a Otra Parte,Kumbia Melody,A Chillar a Otra Parte,ARBF32000009,8445162168816.0,2020-07-24 00:00:00,2020,ada,NO,
Kumbia Melody,Martes 13 (Acustico),Kumbia Melody,Martes 13 (Acustico),ARBF32000010,8445162168830.0,2020-07-24 00:00:00,2020,ada,NO,
Kumbia Melody,Para Mis Hijos,Kumbia Melody,Para Mis Hijos,ARBF32000011,8445162168847.0,2020-07-30 00:00:00,2020,ada,NO,
Alexander Caniggia,Amiga Na' Más,Alexander Caniggia,Amiga Na' Más,ARED11700114,8429006431724.0,2020-07-31 00:00:00,2020,ada,NO,
A Precio de Sangre,Cumbia Que Adora,A Precio de Sangre,Abre los Cielos,ARBF32000044,8445162206976.0,2020-09-18 00:00:00,2020,fuga,SI,
A Precio de Sangre,Cumbia Que Adora,A Precio de Sangre,Creo en Tí,ARBF32000043,8445162206976.0,2020-09-18 00:00:00,2020,fuga,SI,
A Precio de Sangre,Cumbia Que Adora,A Precio de Sangre,Me Seduces,ARBF32000042,8445162206976.0,2020-09-18 00:00:00,2020,fuga,SI,
A Precio de Sangre,Cumbia Que Adora,A Precio de Sangre,Mi Mejor Adoración,ARBF32000041,8445162206976.0,2020-09-18 00:00:00,2020,fuga,SI,
A Precio de Sangre,Cumbia Que Adora,A Precio de Sangre,No Llores Más,ARBF32000040,8445162206976.0,2020-09-18 00:00:00,2020,fuga,SI,
A Precio de Sangre,Cumbia Que Adora,A Precio de Sangre featuring Enrique Gomez,Una Esperanza,ARBF32000039,8445162206976.0,2020-09-18 00:00:00,2020,fuga,SI,
A Precio de Sangre,Cumbia Que Adora,A Precio de Sangre,Hay Libertad,ARBF32000038,8445162206976.0,2020-09-18 00:00:00,2020,fuga,SI,
A Precio de Sangre,Cumbia Que Adora,A Precio de Sangre,Digno,ARBF32000037,8445162206976.0,2020-09-18 00:00:00,2020,fuga,SI,
A Precio de Sangre,Cumbia Que Adora,A Precio de Sangre,Cumbia Que Adora,ARBF32000036,8445162206976.0,2020-09-18 00:00:00,2020,fuga,SI,
A Precio de Sangre,Cumbia Que Adora,A Precio de Sangre,Loco por Vos,ARBF32000045,8445162206976.0,2020-10-30 00:00:00,2020,fuga,SI,
Yago,Arrepentido,Yago,Arrepentido,GBSMU9135555,8445162487795.0,2020-12-04 00:00:00,2020,ada,NO,
El Desborde Criollo,Derrapando,El Desborde Criollo,Dame Tu Mano,ARBF32100035,8445162523745.0,2017-12-22 00:00:00,2017,ada,NO,
Baby Cue,Suggar Babi,Baby Cue,Suggar Babi,QZTPX2388267,761861127366.0,2021-01-08 00:00:00,2021,fuga,SI,x
Sol Aleza,Sol Aleza 2021,Sol Aleza,Me Haces Tanto Bien,QZ5AB2195830,1963621638382.0,2021-01-29 00:00:00,2021,dashgo,SI,
Sol Aleza,Sol Aleza 2021,Sol Aleza,Baila Matilda,QZ5AB2195831,1963621638382.0,2021-01-29 00:00:00,2021,dashgo,SI,
Sol Aleza,Sol Aleza 2021,Sol Aleza,La Ramera,QZ5AB2195832,1963621638382.0,2021-01-29 00:00:00,2021,dashgo,SI,
Sol Aleza,Sol Aleza 2021,Sol Aleza,Me Estoy Enamorando,QZ5AB2195833,1963621638382.0,2021-01-29 00:00:00,2021,dashgo,SI,
Sol Aleza,Sol Aleza 2021,Sol Aleza,Perrealo Suave,QZ5AB2195834,1963621638382.0,2021-01-29 00:00:00,2021,dashgo,SI,
Sol Aleza,Sol Aleza 2021,Sol Aleza,Te Equivocaste,QZ5AB2195835,1963621638382.0,2021-01-29 00:00:00,2021,dashgo,SI,
El Retutu,Igual Que Ayer,El Retutu,Igual Que Ayer,ARBF32100011,655857014207.0,2021-02-04 00:00:00,2021,fuga,SI,x
Maxi y La Champions Liga,Primer Tiempo,Maxi y La Champions Liga,La Que Sufrira,ARA821301155,645875287332.0,2021-02-17 00:00:00,2021,fuga,NO,
Maxi y La Champions Liga,Primer Tiempo,Maxi y La Champions Liga,Una Noche Mas,ARA821301154,645875287332.0,2021-02-17 00:00:00,2021,fuga,NO,
Maxi y La Champions Liga,Primer Tiempo,Maxi y La Champions Liga,Muero de Amor,ARA821301153,645875287332.0,2021-02-17 00:00:00,2021,fuga,NO,
Maxi y La Champions Liga,Primer Tiempo,Maxi y La Champions Liga,No Me Engañes Más,ARA821301152,645875287332.0,2021-02-17 00:00:00,2021,fuga,NO,
Maxi y La Champions Liga,Primer Tiempo,Maxi y La Champions Liga,Me Extrañarás,ARA821301151,645875287332.0,2021-02-17 00:00:00,2021,fuga,NO,
Maxi y La Champions Liga,Primer Tiempo,Maxi y La Champions Liga,No Vivo Sin Ti,ARA821301150,645875287332.0,2021-02-17 00:00:00,2021,fuga,NO,
Maxi y La Champions Liga,Primer Tiempo,Maxi y La Champions Liga,No Me Dejes Sin Tu Amor,ARA821301149,645875287332.0,2021-02-17 00:00:00,2021,fuga,NO,
Maxi y La Champions Liga,Primer Tiempo,Maxi y La Champions Liga,Yo Que Te Ame,ARA821301148,645875287332.0,2021-02-17 00:00:00,2021,fuga,NO,
Maxi y La Champions Liga,Primer Tiempo,Maxi y La Champions Liga,Besame,ARA821301147,645875287332.0,2021-02-17 00:00:00,2021,fuga,NO,
Maxi y La Champions Liga,Primer Tiempo,Maxi y La Champions Liga,La Quiero a Ella,ARA821301146,645875287332.0,2021-02-17 00:00:00,2021,fuga,NO,
LIT killah,Una Vez Mas,LIT killah,Una Vez Mas,QZ22B1937106,645875535730.0,2021-02-26 00:00:00,2021,fuga,SI,x
El Retutu,Heridas de Amor,El Retutu,Heridas de Amor,ARBF32100009,645875533552.0,2021-03-17 00:00:00,2021,fuga,SI,x
El Retutu,Mama Luchona,El Retutu,Mama Luchona,QZGLS2091504,645875532562.0,2021-03-17 00:00:00,2021,fuga,SI,x
El Retutu,Papa Luchon,El Retutu,Papa Luchon,ARBF32100010,645875534863.0,2021-03-17 00:00:00,2021,fuga,SI,x
GUSTY DJ,Toma 1 Set Live Rkt,GUSTY DJ,Toma 1 Set Live Rkt,QZES62106028,713310441332.0,2021-03-21 00:00:00,2021,fuga,SI,x
Los Totora,Encontrándonos,Los Totora,Mi Amor Prohibido,ES71G1921178,655857944412.0,2021-04-05 00:00:00,2021,fuga,SI,
Los Totora,Encontrándonos,Los Totora,Ámame,ES71G1921175,655857944412.0,2021-04-05 00:00:00,2021,fuga,SI,
Los Totora,Encontrándonos,Los Totora,Mi Soledad y Yo,ES71G1921173,655857944412.0,2021-04-05 00:00:00,2021,fuga,SI,
Los Totora,Encontrándonos,Los Totora,Solo Quiero,ES71G1921172,655857944412.0,2021-04-05 00:00:00,2021,fuga,SI,
Los Totora,Encontrándonos,Los Totora,Como Yo Nadie Te Ha Amado,ES71G1921171,655857944412.0,2021-04-05 00:00:00,2021,fuga,SI,
Los Totora,Encontrándonos,Los Totora,Tus Alas,ES71G1921170,655857944412.0,2021-04-05 00:00:00,2021,fuga,SI,
Los Totora,Encontrándonos,Los Totora,Mientes Tan Bien,ES71G1921169,655857944412.0,2021-04-05 00:00:00,2021,fuga,SI,
Los Totora,Encontrándonos,Los Totora,Un Día Sin Ti,ES71G1921168,655857944412.0,2021-04-05 00:00:00,2021,fuga,SI,
Los Totora,Encontrándonos,Los Totora,Otra Oportunidad,ES71G1921167,655857944412.0,2021-04-05 00:00:00,2021,fuga,SI,
Los Totora,Encontrándonos,Los Totora,"Fuego de Noche, Nieve de Día / Vuelve",ES71G1921180,655857944412.0,2021-04-05 00:00:00,2021,fuga,NO,
Los Totora,Encontrándonos,Los Totora,Tú Eres Mía,ES71G1921179,655857944412.0,2021-04-05 00:00:00,2021,fuga,NO,
Los Totora,Encontrándonos,Los Totora,Mujeres,ES71G1921177,655857944412.0,2021-04-05 00:00:00,2021,fuga,NO,
Los Totora,Encontrándonos,Los Totora,No Sé Mañana,ES71G1921176,655857944412.0,2021-04-05 00:00:00,2021,fuga,NO,
Los Totora,Encontrándonos,Los Totora,Dejame Llorar,ES71G1921174,655857944412.0,2021-04-05 00:00:00,2021,fuga,NO,
GUSTY DJ,Toma 2 Set Rkt,GUSTY DJ,Toma 2 Set Rkt,QZHN72107641,713310440373.0,2021-05-13 00:00:00,2021,fuga,SI,x
El Retutu,El Retutu,El Retutu,Pa Que Mueva la Cocina,ES71G1921225,655857944443.0,2021-05-18 00:00:00,2021,fuga,SI,x
El Retutu,El Retutu,El Retutu,Si No Le Contesto,ES71G1921238,655857944443.0,2021-05-18 00:00:00,2021,fuga,SI,x
El Retutu,El Retutu,El Retutu,Sin Principio Ni Final,ES71G1921237,655857944443.0,2021-05-18 00:00:00,2021,fuga,SI,x
El Retutu,El Retutu,El Retutu,Entre Humo por Vos,ES71G1921236,655857944443.0,2021-05-18 00:00:00,2021,fuga,SI,x
El Retutu,El Retutu,El Retutu,Pancito y Atun,ES71G1921235,655857944443.0,2021-05-18 00:00:00,2021,fuga,SI,x
El Retutu,El Retutu,El Retutu,Mueve las Pompas,ES71G1921234,655857944443.0,2021-05-18 00:00:00,2021,fuga,SI,x
El Retutu,El Retutu,El Retutu,La Chechona,ES71G1921233,655857944443.0,2021-05-18 00:00:00,2021,fuga,SI,x
El Retutu,El Retutu,El Retutu,Hoy Volvi a Verte,ES71G1921232,655857944443.0,2021-05-18 00:00:00,2021,fuga,SI,x
El Retutu,El Retutu,El Retutu,La Cumbia Sanguchito,ES71G1921231,655857944443.0,2021-05-18 00:00:00,2021,fuga,SI,x
El Retutu,El Retutu,El Retutu,Acercate Bandida,ES71G1921230,655857944443.0,2021-05-18 00:00:00,2021,fuga,SI,x
El Retutu,El Retutu,El Retutu,Pinto el Calor,ES71G1921229,655857944443.0,2021-05-18 00:00:00,2021,fuga,SI,x
El Retutu,El Retutu,El Retutu,Escucha Lo Que Te Traigo,ES71G1921228,655857944443.0,2021-05-18 00:00:00,2021,fuga,SI,x
El Retutu,El Retutu,El Retutu,Cumbia Tiburon,ES71G1921227,655857944443.0,2021-05-18 00:00:00,2021,fuga,SI,x
El Retutu,El Retutu,El Retutu,Tus Ojos Lloran por Amor,ES71G1921226,655857944443.0,2021-05-18 00:00:00,2021,fuga,SI,x
A Precio de Sangre|Sebastian Mendoza|Walter Encina,Cuerdas de Amor,A Precio de Sangre|Sebastian Mendoza|Walter Encina,Cuerdas de Amor,ARBF32000013,655857985095.0,2021-05-20 00:00:00,2021,fuga,NO,
Ciuffi,Te la Vas a Tener Que Tragar,Ciuffi,El Moco,ES71G1921248,655857944429.0,2021-05-26 00:00:00,2021,fuga,NO,
Ciuffi,Te la Vas a Tener Que Tragar,Ciuffi,El Anillo de Cuero,ES71G1921241,655857944429.0,2021-05-26 00:00:00,2021,fuga,NO,
Ciuffi,Te la Vas a Tener Que Tragar,Ciuffi,Te la Vas a Tener Que Tragar,ES71G1921240,655857944429.0,2021-05-26 00:00:00,2021,fuga,NO,
Ciuffi,Te la Vas a Tener Que Tragar,Ciuffi,La Ladilla,ES71G1921249,655857944429.0,2021-05-26 00:00:00,2021,fuga,SI,
Ciuffi,Te la Vas a Tener Que Tragar,Ciuffi,No Regreses,ES71G1921247,655857944429.0,2021-05-26 00:00:00,2021,fuga,SI,
Ciuffi,Te la Vas a Tener Que Tragar,Ciuffi,Te la Vas a Tener Que Tragar,ES71G1921246,655857944429.0,2021-05-26 00:00:00,2021,fuga,SI,
Ciuffi,Te la Vas a Tener Que Tragar,Ciuffi,Le Doy a la Que Venga,ES71G1921245,655857944429.0,2021-05-26 00:00:00,2021,fuga,SI,
Ciuffi,Te la Vas a Tener Que Tragar,Ciuffi,Te Quiero Como Sos,ES71G1921244,655857944429.0,2021-05-26 00:00:00,2021,fuga,SI,
Ciuffi,Te la Vas a Tener Que Tragar,Ciuffi,La Bailarina de America,ES71G1921243,655857944429.0,2021-05-26 00:00:00,2021,fuga,SI,
Ciuffi,Te la Vas a Tener Que Tragar,Ciuffi,La Tiene Chiquita,ES71G1921242,655857944429.0,2021-05-26 00:00:00,2021,fuga,SI,
Los Totora,Y Ahora... Vivo,Los Totora,"Fuego de Noche, Nieve de Dia",ES71G1921160,655857944405.0,2021-05-26 00:00:00,2021,fuga,SI,
Los Totora,Y Ahora... Vivo,Los Totora,No Sé Mañana,ES71G1921159,655857944405.0,2021-05-26 00:00:00,2021,fuga,SI,
Los Totora,Y Ahora... Vivo,Los Totora,Estamos Juntos,ES71G1921158,655857944405.0,2021-05-26 00:00:00,2021,fuga,SI,
Los Totora,Y Ahora... Vivo,Los Totora,Kilometros,ES71G1921157,655857944405.0,2021-05-26 00:00:00,2021,fuga,SI,
Los Totora,Y Ahora... Vivo,Los Totora,Mujeres,ES71G1921156,655857944405.0,2021-05-26 00:00:00,2021,fuga,SI,
Los Totora,Y Ahora... Vivo,Los Totora,Mi Historia Entre Tus Dedos,ES71G1921155,655857944405.0,2021-05-26 00:00:00,2021,fuga,SI,
Los Totora,Y Ahora... Vivo,Los Totora,Mi Soledad y Yo,ES71G1921154,655857944405.0,2021-05-26 00:00:00,2021,fuga,SI,
Los Totora,Y Ahora... Vivo,Los Totora,Bailar Pegados,ES71G1921153,655857944405.0,2021-05-26 00:00:00,2021,fuga,SI,
Los Totora,Y Ahora... Vivo,Los Totora,Tan Enamorados,ES71G1921152,655857944405.0,2021-05-26 00:00:00,2021,fuga,SI,
Los Totora,Y Ahora... Vivo,Los Totora,Yo Me Enamore,ES71G1921151,655857944405.0,2021-05-26 00:00:00,2021,fuga,SI,
Los Totora,Y Ahora... Vivo,Los Totora,Mi Amor Prohibido,ES71G1921150,655857944405.0,2021-05-26 00:00:00,2021,fuga,SI,
Los Totora,Y Ahora... Vivo,Los Totora,Se Me Va la Voz,ES71G1921149,655857944405.0,2021-05-26 00:00:00,2021,fuga,SI,
Los Totora,Y Ahora... Vivo,Los Totora,Otra Oportunidad,ES71G1921148,655857944405.0,2021-05-26 00:00:00,2021,fuga,SI,
Los Totora,Y Ahora... Vivo,Los Totora,Te Vas,ES71G1921147,655857944405.0,2021-05-26 00:00:00,2021,fuga,SI,
Los Totora,Y Ahora... Vivo,Los Totora,Como Yo Nadie Te Ha Amado,ES71G1921146,655857944405.0,2021-05-26 00:00:00,2021,fuga,SI,
Los Totora,Y Ahora... Vivo,Los Totora,"Te Extraño, Te Olvido, Te Amo",ES71G1921145,655857944405.0,2021-05-26 00:00:00,2021,fuga,SI,
Los Totora,Y Ahora... Vivo,Los Totora,Mientes Tan Bien,ES71G1921144,655857944405.0,2021-05-26 00:00:00,2021,fuga,SI,
Los Totora,Y Ahora... Vivo,Los Totora,Tu Carcel,ES71G1921143,655857944405.0,2021-05-26 00:00:00,2021,fuga,SI,
Los Totora,Y Ahora... Vivo,Los Totora,Un Dia Sin Ti,ES71G1921162,655857944405.0,2021-05-26 00:00:00,2021,fuga,NO,
Los Totora,Y Ahora... Vivo,Los Totora,Vuelve,ES71G1921161,655857944405.0,2021-05-26 00:00:00,2021,fuga,NO,
Los Totora,Y Ahora... Vivo,Los Totora,Intro,ES71G1921142,655857944405.0,2021-05-26 00:00:00,2021,fuga,NO,
Mirta Diaz,Padre Mío,Mirta Diaz,Padre Mio,ARBF32000025,695845130496.0,2021-06-21 00:00:00,2021,fuga,SI,
Mirta Diaz,Padre Mío,Mirta Diaz,Tu Amor y Mi Amor Crecerá,ARBF32000024,695845130496.0,2021-06-21 00:00:00,2021,fuga,SI,
Mirta Diaz,Padre Mío,Mirta Diaz,Tu Iglesia Esta Clamando,ARBF32000023,695845130496.0,2021-06-21 00:00:00,2021,fuga,SI,
Mirta Diaz,Padre Mío,Mirta Diaz,"Mi Amigo, Mi Hermano",ARBF32000022,695845130496.0,2021-06-21 00:00:00,2021,fuga,SI,
Mirta Diaz,Padre Mío,Mirta Diaz,Como León Rugiente,ARBF32000021,695845130496.0,2021-06-21 00:00:00,2021,fuga,SI,
Mirta Diaz,Padre Mío,Mirta Diaz,Yo Te Amo,ARBF32000020,695845130496.0,2021-06-21 00:00:00,2021,fuga,SI,
Lily Prince,Tranquila,Lily Prince,Tranquila,ARBF32000018,695845149535.0,2021-06-23 00:00:00,2021,fuga,NO,
Elias Tom,Barrio y Corazón,Elias Tom|Claudio Magno,No Insistas,ARBF32000035,695845169236.0,2021-06-24 00:00:00,2021,fuga,SI,
Elias Tom,Barrio y Corazón,Elias Tom,Si Te Preguntan,ARBF32000034,695845169236.0,2021-06-24 00:00:00,2021,fuga,SI,
Elias Tom,Barrio y Corazón,Elias Tom,Odisea,ARBF32000033,695845169236.0,2021-06-24 00:00:00,2021,fuga,SI,
Elias Tom,Barrio y Corazón,Elias Tom|Mr. Fonsy,Ya Está Bien,ARBF32000032,695845169236.0,2021-06-24 00:00:00,2021,fuga,SI,
Elias Tom,Barrio y Corazón,Elias Tom,Mi Loca,ARBF32000031,695845169236.0,2021-06-24 00:00:00,2021,fuga,SI,
Elias Tom,Barrio y Corazón,Elias Tom,Lo Que Ves,ARBF32000030,695845169236.0,2021-06-24 00:00:00,2021,fuga,SI,
Elias Tom,Barrio y Corazón,Elias Tom,Escapémonos,ARBF32000029,695845169236.0,2021-06-24 00:00:00,2021,fuga,SI,
Elias Tom,Barrio y Corazón,Elias Tom,Oh My God,ARBF32000028,695845169236.0,2021-06-24 00:00:00,2021,fuga,SI,
Elias Tom,Barrio y Corazón,Elias Tom,Me Mata,ARBF32000027,695845169236.0,2021-06-24 00:00:00,2021,fuga,SI,
Elias Tom,Barrio y Corazón,Elias Tom,Pa´ Qué Negar,ARBF32000026,695845169236.0,2021-06-24 00:00:00,2021,fuga,SI,
Ariel Casco,Acercate,Ariel Casco,Acercate,ARHXW2002103,695845176265.0,2021-06-25 00:00:00,2021,fuga,NO,
Soy Lulu,Puedes Soñar,Soy Lulu,Puedes Soñar,ARBF32000016,695845172403.0,2021-06-29 00:00:00,2021,fuga,NO,
Mr. Fonsy|Claudio Magno,Vine a Bendecir,Mr. Fonsy|Claudio Magno,Vine a Bendecir,ARBF32000019,695845150111.0,2021-07-14 00:00:00,2021,fuga,NO,
GUSTY DJ,Toma 3 Set Rkt,GUSTY DJ,Toma 3 Set Rkt,QZK6L2174398,713310439926.0,2021-07-21 00:00:00,2021,fuga,SI,x
GUSTY DJ,Toma 4 Set Rkt,GUSTY DJ,Toma 4 Set Rkt,QZMEQ2104735,713310439551.0,2021-09-09 00:00:00,2021,fuga,SI,x
GUSTY DJ,El Numero Uno Se Fue Con 2 Rkt,GUSTY DJ,El Numero Uno Se Fue Con 2 Rkt,QZNWR2157144,713310439674.0,2021-10-01 00:00:00,2021,fuga,SI,x
El Desborde Criollo,Derrapando,El Desborde Criollo,Bajo Bandera,ARBF32100034,8445162523745.0,2021-10-21 00:00:00,2021,ada,NO,
El Desborde Criollo,Derrapando,El Desborde Criollo,Sobre el Verde (El Hincha),ARBF32100033,8445162523745.0,2021-10-21 00:00:00,2021,ada,NO,
El Desborde Criollo,Derrapando,El Desborde Criollo,Mi Mujer Me Demanda,ARBF32100032,8445162523745.0,2021-10-21 00:00:00,2021,ada,NO,
El Desborde Criollo,Derrapando,El Desborde Criollo,Casi Lo Normal,ARBF32100031,8445162523745.0,2021-10-21 00:00:00,2021,ada,NO,
El Desborde Criollo,Derrapando,El Desborde Criollo,Ya No Puede Más,ARBF32100030,8445162523745.0,2021-10-21 00:00:00,2021,ada,NO,
El Desborde Criollo,Derrapando,El Desborde Criollo,Ser de Vos,ARBF32100029,8445162523745.0,2021-10-21 00:00:00,2021,ada,NO,
El Desborde Criollo,Derrapando,El Desborde Criollo,Las Monedas Se Van,ARBF32100028,8445162523745.0,2021-10-21 00:00:00,2021,ada,NO,
El Desborde Criollo,Derrapando,El Desborde Criollo,Negra,ARBF32100027,8445162523745.0,2021-10-21 00:00:00,2021,ada,NO,
El Desborde Criollo,Derrapando,El Desborde Criollo,Himno del Separado (Tal Vez),ARBF32100026,8445162523745.0,2021-10-21 00:00:00,2021,ada,NO,
El Desborde Criollo,Derrapando,El Desborde Criollo,Lunes,ARBF32100025,8445162523745.0,2021-10-21 00:00:00,2021,ada,NO,
El Desborde Criollo,Derrapando,El Desborde Criollo,No Llames (Por Favor),ARBF32100024,8445162523745.0,2021-10-21 00:00:00,2021,ada,NO,
GUSTY DJ,Toma 5 (Rkt),GUSTY DJ,Toma 5 (Rkt),QZTAS2190088,713310439186.0,2021-12-18 00:00:00,2021,fuga,SI,x
GUSTY DJ,Toma 6 Rkt,GUSTY DJ,Toma 6 Rkt,QZFZ32250960,713310438790.0,2022-01-20 00:00:00,2022,fuga,SI,x
GUSTY DJ|Omar Varela,Murga Rkt,GUSTY DJ|Omar Varela,Murga Rkt,QZNJV2274936,798237559575.0,2022-02-10 00:00:00,2022,fuga,SI,x
Emiliano Nahuel|lapi,Pistolón RKT,Emiliano Nahuel|lapi,Pistolón RKT,QZHZ32205117,713310583872.0,2022-02-18 00:00:00,2022,fuga,NO,
GUSTY DJ|mambo dj,P Rreo Version Rkt,GUSTY DJ|mambo dj,P Rreo Version Rkt,QZGLS2260666,713310286322.0,2022-03-06 00:00:00,2022,fuga,SI,x
GUSTY DJ|Alejo isakk|R Jota,Toma 7,GUSTY DJ|Alejo isakk|R Jota,Toma 7,QZGLS2286514,713310463280.0,2022-03-11 00:00:00,2022,fuga,SI,x
GUSTY DJ feat. PAPU DJ|ciro deejay|DJ BRAIAN STYLE,Perreo Adictivo #1,GUSTY DJ feat. PAPU DJ|ciro deejay|DJ BRAIAN STYLE,Perreo Adictivo #1,QZHZ42271732,747256523890.0,2022-04-14 00:00:00,2022,fuga,SI,x
GUSTY DJ|fili wey,Session en el Barrio #1,GUSTY DJ|fili wey,Session en el Barrio #1,QZHZ42284984,747256607835.0,2022-04-28 00:00:00,2022,fuga,SI,x
MEDVSA,Wasting Time,MEDVSA,Seasons,ARBF32200003,747256711396.0,2022-04-29 00:00:00,2022,fuga,SI,
MEDVSA,Wasting Time,MEDVSA,Souvenir,ARBF32200002,747256711396.0,2022-04-29 00:00:00,2022,fuga,SI,
MEDVSA,Wasting Time,MEDVSA,Wasting Time,ARBF32200001,747256711396.0,2022-04-29 00:00:00,2022,fuga,SI,
GUSTY DJ feat. SALASTKBRON|amirto baby|MAXI GEN,Toma 8 Rkt,GUSTY DJ feat. SALASTKBRON|amirto baby|MAXI GEN,Toma 8 Rkt,QZHZ62243160,765855507561.0,2022-05-19 00:00:00,2022,fuga,SI,x
GUSTY DJ|La joaqui,Session en el Barrio #2,GUSTY DJ|La joaqui,Session en el Barrio #2,QZHZ62201277,749876886058.0,2022-06-09 00:00:00,2022,fuga,SI,x
Baby Cue,No Tengo Time,Baby Cue,No Tengo Time,ARDL12500007,8721253808169.0,2022-06-22 00:00:00,2022,fuga,SI,x
GUSTY DJ|Kaleb DI Masi,Session en el Barrio #3,GUSTY DJ|Kaleb Di Masi,Session en el Barrio #3,QZNJV2237680,792264822718.0,2022-06-26 00:00:00,2022,fuga,SI,x
GUSTY DJ|SALASTKBRON,Session en el Barrio #4,GUSTY DJ|SALASTKBRON,Session en el Barrio #4,QZNJX2292728,727295639431.0,2022-08-04 00:00:00,2022,fuga,SI,x
GUSTY DJ|DJ Pirata,Promo 22 Rkt,GUSTY DJ|DJ Pirata,Promo 22 Rkt,QZTPX2212313,790566510524.0,2022-09-01 00:00:00,2022,fuga,SI,x
Emiliano Nahuel,Vacilando,Emiliano Nahuel,Vacilando,QZNWZ2261189,197208873755.0,2022-09-15 00:00:00,2022,fuga,NO,
GUSTY DJ feat. Big Apple|despre,Toma 9 Rkt,GUSTY DJ feat. Big Apple|despre,Toma 9 Rkt,QZTVM2212749,694365423323.0,2022-09-15 00:00:00,2022.0,onerpm,NO,x
Ariel Casco,Tiki Tiki,Ariel Casco,Tiki Tiki,ARBF32200004,694365328826.0,2022-09-16 00:00:00,2022,fuga,SI,
Gusty dj|Alejo Isakk,GUSTY DJ I Alejo Isakk Session en el Barrio #5,Gusty dj|Alejo Isakk,GUSTY DJ I Alejo Isakk Session en el Barrio #5,QZTVM2228870,694365532858.0,2022-09-29 00:00:00,2022,fuga,SI,x
GUSTY DJ|Tirri La Roca,Session en el Barrio #6,GUSTY DJ|Tirri La Roca,Session en el Barrio #6,QZW9M2213901,789294793224.0,2022-11-23 00:00:00,2022,fuga,SI,x
GUSTY DJ|Ecko,Gusty DJ |Ecko - Session en el Barrio #7,GUSTY DJ|Ecko,Gusty DJ |Ecko - Session en el Barrio #7,QZW9M2276951,792268746072.0,2022-12-15 00:00:00,2022,fuga,SI,x
GUSTY DJ|La joaqui|L-gante feat. SALASTKBRON,¿Y pa la Wacha Loca? (con Salastkbron),GUSTY DJ|La joaqui|L-gante feat. SALASTKBRON,¿Y pa la Wacha Loca? (con Salastkbron),US7VG2306659,789550920784.0,2023-01-05 00:00:00,2023,fuga,SI,x
GUSTY DJ|La joaqui|L-gante feat. SALASTKBRON,¿Y Pa la Wacha Loca?,GUSTY DJ|La joaqui|L-gante feat. SALASTKBRON,¿Y Pa la Wacha Loca?,US7VG2308889,789550935887.0,2023-01-05 00:00:00,2023,onerpm,NO,x
GUSTY DJ|L-Gante,Gusty Dj |L Gante - Session en el Barrio #8,GUSTY DJ|L-Gante,Gusty Dj |L Gante - Session en el Barrio #8,QZ5AB2367350,717337374567.0,2023-02-16 00:00:00,2023,onerpm,SI,x
Baby Cue,Tony,Baby Cue,Tony,QZGLM2305011,717337643694.0,2023-02-16 00:00:00,2023,fuga,SI,x
Emiliano Nahuel,Bakan,Emiliano Nahuel,Bakan,QZES62336717,197629330493.0,2023-02-27 00:00:00,2023,fuga,NO,
Emiliano Nahuel featuring Skyress and DimeloElyon,llegamos nosotros,Emiliano Nahuel featuring Skyress and DimeloElyon,llegamos nosotros,QZES92363555,197686015128.0,2023-03-12 00:00:00,2023,fuga,NO,
GUSTY DJ|LOLO OG|DobleP,El Motorcito,GUSTY DJ|LOLO OG|DobleP,El Motorcito,QZGLS2314303,766310619522.0,2023-04-06 00:00:00,2023,ada,SI,x
M Aquí Adonai,Al Piso,M Aquí Adonai,Al Piso,ES75E2300540,7316472406305.0,2023-06-07 00:00:00,2023,dashgo,SI,
GUSTY DJ feat. el jordan 23,Gusty Dj |Jordan23 - Session en el Barrio #9,GUSTY DJ feat. el jordan 23,Gusty Dj |Jordan23 - Session en el Barrio #9,QZNJV2395760,718114685388.0,2023-06-08 00:00:00,2023,onerpm,SI,x
Dj Plaga|Erredoblebe|Lautaro9036 featuring Dj Ronel,"Ni Ahi, Ni Aca, Ni Allá",Dj Plaga|Lautaro9036|Erredoblebe featuring Dj Ronel,"Ni Ahi, Ni Aca, Ni Allá",QZNJW2376390,744553773386.0,2023-06-15 00:00:00,2023,fuga,SI,x
M Aquí Adonai,Dale Rosca,M Aquí Adonai,Dale Rosca,ES75E2201431,8445431082744.0,2023-07-06 00:00:00,2023,dashgo,SI,
M Aquí Adonai,Etiqueta Original,M Aquí Adonai,Etiqueta Original,QM3DF2299364,7316473081471.0,2023-07-06 00:00:00,2023,dashgo,SI,
M Aquí Adonai,Flama,M Aquí Adonai,Flama,ES75E2206346,7316471436525.0,2023-07-06 00:00:00,2023,dashgo,SI,
M Aquí Adonai,Nos Volveremos A Ver,M Aquí Adonai,Nos Volveremos A Ver,ES75E2203568,8445431095218.0,2023-07-06 00:00:00,2023,dashgo,SI,
M Aquí Adonai,Seguimos Aca,M Aquí Adonai,Seguimos Aca,ES75E2205435,7316471067880.0,2023-07-06 00:00:00,2023,dashgo,SI,
M Aquí Adonai,Te Queres Matar,M Aquí Adonai,Te Queres Matar,ES75E2206503,7316471503371.0,2023-07-06 00:00:00,2023,dashgo,SI,
M Aquí Adonai,Pegate La Vuelta,M Aquí Adonai,Pegate La Vuelta,ES75E2206583,7316471514988.0,2023-07-07 00:00:00,2023,dashgo,SI,
M Aquí Adonai,Se Pico (RKT),M Aquí Adonai,Se Pico (RKT),ES75E2101248,8445431064450.0,2023-07-07 00:00:00,2023,dashgo,SI,
M Aquí Adonai,Si Tu No Estas (Original),M Aquí Adonai,Si Tu No Estas - Original,ES75E2203623,8445431095584.0,2023-07-07 00:00:00,2023,dashgo,SI,
M Aquí Adonai,Detonao (Original),M Aquí Adonai,Detonao - Original,ARQIW2214961,8720996400258.0,2023-08-01 00:00:00,2023,dashgo,SI,
GUSTY DJ|ROZE OFICIAL,Los reyes del perreo,GUSTY DJ|ROZE OFICIAL,Los reyes del perreo,QZNJY2358745,761861646621.0,2023-08-17 00:00:00,2023,fuga,SI,x
Matias Mareco|Gonzai,Matías Mareco |Gonzai: I Buenos Aires,Matias Mareco|Gonzai,Matías Mareco |Gonzai: I Buenos Aires,QZNJY2387583,711709607512.0,2023-08-25 00:00:00,2023,fuga,SI,x
Dj Plaga|Marcianeke|El Bai featuring Scarface El Tyger,Perreo Plaga,Dj Plaga|Marcianeke|El Bai featuring Scarface El Tyger,Perreo Plaga,QZNJZ2396028,717931908113.0,2023-08-31 00:00:00,2023,fuga,SI,x
Dj Plaga|Tone BRZ,Tone Brz |Dj Plaga Chapeo Sessions #1,Dj Plaga|Tone BRZ,Tone Brz |Dj Plaga Chapeo Sessions #1,QZNJZ2305987,711709747287.0,2023-09-01 00:00:00,2023,fuga,SI,x
GUSTY DJ|IAMNAZAG,Session en el Barrio #11,GUSTY DJ|IAMNAZAG,Session en el Barrio #11,QZTPX2314725,728204547274.0,2023-09-01 00:00:00,2023,onerpm,SI,x
Juli Jones,A Jugar Cantando,Juli Jones,Bienvenidos,ARDL12300006,1963621610050.0,2023-09-08 00:00:00,2023,dashgo,SI,
Juli Jones,A Jugar Cantando,Juli Jones,La Tortuga Se Me Va,ARDL12300007,1963621610050.0,2023-09-08 00:00:00,2023,dashgo,SI,
Juli Jones,A Jugar Cantando,Juli Jones,Le Zumba el Mate,ARDL12300008,1963621610050.0,2023-09-08 00:00:00,2023,dashgo,SI,
Juli Jones,A Jugar Cantando,Juli Jones,El Mono Koko,ARDL12300009,1963621610050.0,2023-09-08 00:00:00,2023,dashgo,SI,
Juli Jones,A Jugar Cantando,Juli Jones,Pinto Pinto,ARDL12300010,1963621610050.0,2023-09-08 00:00:00,2023,dashgo,SI,
Juli Jones,A Jugar Cantando,Juli Jones,Vocales,ARDL12300011,1963621610050.0,2023-09-08 00:00:00,2023,dashgo,SI,
Juli Jones,A Jugar Cantando,Juli Jones,Frutas,ARDL12300012,1963621610050.0,2023-09-08 00:00:00,2023,dashgo,SI,
Juli Jones,A Jugar Cantando,Juli Jones,Voladitos de Colores,ARDL12300013,1963621610050.0,2023-09-08 00:00:00,2023,dashgo,SI,
Juli Jones,A Jugar Cantando,Juli Jones,Baila,ARDL12300014,1963621610050.0,2023-09-08 00:00:00,2023,dashgo,SI,
Juli Jones,A Jugar Cantando,Juli Jones,La Araña,ARDL12300015,1963621610050.0,2023-09-08 00:00:00,2023,dashgo,SI,
Juli Jones,A Jugar Cantando,Juli Jones,Julieta Julieta,ARDL12300016,1963621610050.0,2023-09-08 00:00:00,2023,dashgo,SI,
Juli Jones,A Jugar Cantando,Juli Jones,Mamá Prestame el Celular,ARDL12300017,1963621610050.0,2023-09-08 00:00:00,2023,dashgo,SI,
Juli Savioli,Perfección,Juli Savioli,Exijo en Mí,ARDL12300001,1963621605230.0,2023-09-14 00:00:00,2023,ada,SI,x
Juli Savioli,Perfección,Juli Savioli,4 Paredes,ARDL12300002,1963621605230.0,2023-09-14 00:00:00,2023,ada,SI,x
Juli Savioli,Perfección,Juli Savioli,Perfección,ARDL12300003,1963621605230.0,2023-09-14 00:00:00,2023,ada,SI,x
Juli Savioli,Perfección,Juli Savioli,Busca,ARDL12300004,1963621605230.0,2023-09-14 00:00:00,2023,ada,SI,x
Juli Savioli,Perfección,Juli Savioli,Un Poco Me Gustas,ARDL12300005,1963621605230.0,2023-09-14 00:00:00,2023,ada,SI,x
"Eliz, Emiliano Nahuel and Nattanael featuring Sebiche and Lapi",La City Remix,"Eliz, Emiliano Nahuel and Nattanael featuring Sebiche and Lapi",La City Remix,AUGBT2303712,9360098631939.0,2023-09-14 00:00:00,2023,fuga,NO,
"M Aquí Adonai, Damaris Fernandez",Te Necesito Más,M Aquí Adonai|Damaris Fernandez,Te Necesito Más,ARDL12300020,1963621628970.0,2023-09-21 00:00:00,2023,dashgo,SI,x
Dj Plaga|Tirri La Roca,Guerra,Dj Plaga|Tirri La Roca,Guerra,QZNJZ2386440,8721253340317.0,2023-09-27 00:00:00,2023,fuga,SI,x
A Precio de Sangre,Amigos Que Adoran,A Precio de Sangre,Danzando,ARDL12300023,1963621667238.0,2023-09-30 00:00:00,2023,dashgo,SI,
A Precio de Sangre,Amigos Que Adoran,A Precio de Sangre,Pródigo,ARDL12300026,1963621667238.0,2023-09-30 00:00:00,2023,dashgo,SI,
"A Precio de Sangre, Abel Anrriquez",Amigos Que Adoran,A Precio de Sangre|Abel Anrriquez,Manos Arriba,ARDL12300024,1963621667238.0,2023-09-30 00:00:00,2023,dashgo,SI,x
"A Precio de Sangre, Antho Mattei",Amigos Que Adoran,A Precio de Sangre|Antho Mattei,Yeshua: Quiero conocer a Jesús,ARDL12300025,1963621667238.0,2023-09-30 00:00:00,2023,dashgo,SI,x
"A Precio de Sangre, Eugenia Quevedo, Oscar Belondi, Tony Ángel",Amigos Que Adoran,A Precio de Sangre|Eugenia Quevedo|Oscar Belondi|Tony Ángel,Amén,ARDL12300028,1963621667238.0,2023-09-30 00:00:00,2023,dashgo,SI,x
"A Precio de Sangre, Luis Santiago",Amigos Que Adoran,A Precio de Sangre|Luis Santiago,Eres Mi Dueño,ARDL12300022,1963621667238.0,2023-09-30 00:00:00,2023,dashgo,SI,x
"A Precio de Sangre, Paola Ceballos",Amigos Que Adoran,A Precio de Sangre|Paola Ceballos,Al Final,ARDL12300021,1963621667238.0,2023-09-30 00:00:00,2023,dashgo,SI,x
"A Precio de Sangre, Sebastian Mendoza, Walter Encina, Abel Anrriquez, Joaquín Belondi",Amigos Que Adoran,A Precio de Sangre|Sebastian Mendoza|Walter Encina|Abel Anrriquez|Joaquín Belondi,Cuerdas de Amor,ARDL12300029,1963621667238.0,2023-09-30 00:00:00,2023,dashgo,SI,x
"A Precio de Sangre, Walter Encina",Amigos Que Adoran,A Precio de Sangre|Walter Encina,No Des Más Vueltas,ARDL12300027,1963621667238.0,2023-09-30 00:00:00,2023,dashgo,SI,x
Dj Plaga|Orce|Dvann|NAKING NK,Ambiciosa,Dj Plaga|Orce|Dvann|NAKING NK,Ambiciosa,QZTVM2362410,761861927874.0,2023-10-13 00:00:00,2023,fuga,SI,x
"M Aquí Adonai, David Prince DJ",The Pogo,M Aquí Adonai|David Prince DJ,The Pogo,ARDL12300030,1963621672133.0,2023-10-21 00:00:00,2023,dashgo,SI,x
"A Precio de Sangre, Yanina Galeassi",Hermoso Momento,A Precio de Sangre|Yanina Galeassi,Hermoso Momento,ARDL12300034,1963621737085.0,2023-11-03 00:00:00,2023,dashgo,SI,x
Corazón Sincero,Ritmo Cachaquero,Corazón Sincero,Ritmo Cachaquero,ARDL12300033,1963621735128.0,2023-11-09 00:00:00,2023,dashgo,SI,
M Aquí Adonai,Los Muros Caen,M Aquí Adonai,Los Muros Caen,ARDL12300035,1963621771744.0,2023-11-30 00:00:00,2023,dashgo,SI,
GUSTY DJ|SALASTKBRON|callejero fino feat. Alejo isakk|R Jota|L-Gante|LOLO OG|DobleP|LAUTY GRAM,El Super Junte Rkt,GUSTY DJ|SALASTKBRON|callejero fino feat. Alejo isakk|R Jota|L-Gante|LOLO OG|DobleP|LAUTY GRAM,El Super Junte Rkt,QZW9L2346202,713317677123.0,2023-11-30 00:00:00,2023,onerpm,SI,x
DOBLE P,El Super Junte,DOBLE P,El Super Junte,QZW9L2331385,713317580355.0,2023-11-30 00:00:00,--,onerpm,NO,
L-Gante,El Super Junte,L-Gante,El Super Junte,QZW9L2331402,713317580584.0,2023-11-30 00:00:00,--,onerpm,NO,
LAUTY GRAM,El Super Junte,LAUTY GRAM,El Super Junte,QZW9L2331395,713317580478.0,2023-11-30 00:00:00,--,onerpm,NO,
LOLO OG,El Super Junte Rkt,LOLO OG,El Super Junte Rkt,QZW9L2301529,707337890426.0,2023-11-30 00:00:00,--,onerpm,NO,
SALASTKBRON,El Super Junte Rkt,SALASTKBRON,El Super Junte Rkt,QZW9L2315983,707337980332.0,2023-11-30 00:00:00,--,onerpm,NO,
SALASTKBRON,El Super Junte Rkt,SALASTKBRON,El Super Junte Rkt,QZW9L2312404,707337959390.0,2023-11-30 00:00:00,--,onerpm,NO,
Yankee Dj,Homenaje a Lisandro Meza,Yankee Dj,Homenaje a Lisandro Meza,ARDL12400127,8721253453833.0,2023-11-30 00:00:00,--,fuga,SI,x
Dj Plaga|Tone BRZ featuring NAKING NK and Titan 13,La Peligrosa,Dj Plaga|Tone BRZ featuring NAKING NK and Titan 13,La Peligrosa,QZW9L2350315,713317703556.0,2023-12-07 00:00:00,2025.0,fuga,SI,x
Corazón Sincero,Sin Ti Jamás,Corazón Sincero,Sin Ti Jamás,ARDL12300037,1963621835781.0,2023-12-14 00:00:00,2023,dashgo,SI,
"Matias Mareco, Misaael",Matias Mareco |Misaael: II Entre Ríos,Matias Mareco|Misaael,Matias Mareco |Misaael: II Entre Ríos,ARDL12300036,1963621776244.0,2023-12-21 00:00:00,2023,dashgo,SI,x
"M Aquí Adonai, El Pala Palermo",Si Tu Supieras,M Aquí Adonai|El Pala Palermo,Si Tu Supieras,ARDL12300038,1963621862688.0,2023-12-30 00:00:00,2023,dashgo,SI,x
Emiliano Nahuel,Cuando Corone,Emiliano Nahuel,Cuando Corone,AUGBT2364756,9360098945777.0,2023-12-31 00:00:00,2023,fuga,NO,
Emiliano Nahuel,PRETEXTOS,Emiliano Nahuel,PRETEXTOS,AUMEV2400893,9360098957268.0,2024-01-11 00:00:00,2024,fuga,NO,
Corazón Sincero,Tan Cerca,Corazón Sincero,Tan Cerca,ARDL12300039,1963621900151.0,2024-01-25 00:00:00,2024,dashgo,SI,
Young Las,Pick It Up,Young Las,Pick It Up,ARDL12300031,1963621688530.0,2024-02-01 00:00:00,2024,dashgo,SI,
M Aquí Adonai,TodoPago,M Aquí Adonai,TodoPago,ARDL12300041,1963621932312.0,2024-02-10 00:00:00,2024,dashgo,SI,
"League of Legends, LIT killah",Mi Clan,League of Legends|LIT killah,Mi Clan,US3DF2408987,1963621950040.0,2024-02-29 00:00:00,2024,dashgo,SI,x
Emiliano Nahuel,ATR,Emiliano Nahuel,ATR,AUMEV2425210,9360932093466.0,2024-03-01 00:00:00,2024,fuga,NO,
"A Precio de Sangre, Ale Cardozo",Estar Contigo,A Precio de Sangre|Ale Cardozo,Estar Contigo,ARDL12300044,1963621998691.0,2024-03-03 00:00:00,2024,dashgo,SI,x
Juli Savioli,Lúcete,Juli Savioli,Lúcete,ARDL12300040,1963621912529.0,2024-03-07 00:00:00,2024,ada,SI,x
LIT killah|Milo j|Ronny J,Carta de Despedida,LIT killah|Milo j|Ronny J,Carta de Despedida,BK4DA2407453,85365665804.0,2024-03-11 00:00:00,2024,ada,NO,x
Young Las,Supergirl,Young Las,Supergirl,ARDL12300042,1963621947156.0,2024-03-21 00:00:00,2024,dashgo,SI,
GUSTY DJ|Alejo isakk|LOLO OG feat. elaggume,CUERNU,GUSTY DJ|Alejo isakk|LOLO OG feat. elaggume,CUERNU,ARDL12300045,742526486448.0,2024-03-27 00:00:00,2024,onerpm,SI,x
Cande Gonzalez,SI NO ESTÁS,Cande Gonzalez,SI NO ESTÁS,PYC842403156,603563053171.0,2024-04-04 00:00:00,2024,fuga,SI,x
Corazón Sincero,Mi Ritmo,Corazón Sincero,Ritmo Cachaquero,ARDL12300033,1963622047183.0,2024-04-04 00:00:00,2024,dashgo,SI,
Corazón Sincero,Mi Ritmo,Corazón Sincero,Sin Ti Jamás,ARDL12300037,1963622047183.0,2024-04-04 00:00:00,2024,dashgo,SI,
Corazón Sincero,Mi Ritmo,Corazón Sincero,Tan Cerca,ARDL12300039,1963622047183.0,2024-04-04 00:00:00,2024,dashgo,SI,
Corazón Sincero,Mi Ritmo,Corazón Sincero,Toma Mi Corazón,US3DF2431655,1963622047183.0,2024-04-04 00:00:00,2024,dashgo,SI,
Corazón Sincero,Mi Ritmo,Corazón Sincero,Amor Regresa,US3DF2431650,1963622047183.0,2024-04-04 00:00:00,2024,dashgo,SI,
Natalia Soledad,Espera el Tiempo de Dios,Natalia Soledad,Al Que Ama Mi Alma,ARDL12300047,1963622110580.0,2024-04-11 00:00:00,2024,dashgo,SI,
Natalia Soledad,Espera el Tiempo de Dios,Natalia Soledad,Espera el Tiempo de Dios,ARDL12300048,1963622110580.0,2024-04-11 00:00:00,2024,dashgo,SI,
Natalia Soledad,Espera el Tiempo de Dios,Natalia Soledad,La Fe,ARDL12300049,1963622110580.0,2024-04-11 00:00:00,2024,dashgo,SI,
Natalia Soledad,Espera el Tiempo de Dios,Natalia Soledad,Mi Razon de Cantar,ARDL12300050,1963622110580.0,2024-04-11 00:00:00,2024,dashgo,SI,
Natalia Soledad,Espera el Tiempo de Dios,Natalia Soledad,Lo Tienes Todo,ARDL12300051,1963622110580.0,2024-04-11 00:00:00,2024,dashgo,SI,
Natalia Soledad,Espera el Tiempo de Dios,Natalia Soledad,Mi Necesidad,ARDL12300052,1963622110580.0,2024-04-11 00:00:00,2024,dashgo,SI,
Natalia Soledad,Espera el Tiempo de Dios,Natalia Soledad,Pide Lo Que Quieras,ARDL12300053,1963622110580.0,2024-04-11 00:00:00,2024,dashgo,SI,
Natalia Soledad,Espera el Tiempo de Dios,Natalia Soledad,Rendida A Tus Pies Jesus,ARDL12300054,1963622110580.0,2024-04-11 00:00:00,2024,dashgo,SI,
Natalia Soledad,Espera el Tiempo de Dios,Natalia Soledad,Siempre Camine,ARDL12300055,1963622110580.0,2024-04-11 00:00:00,2024,dashgo,SI,
Natalia Soledad,Espera el Tiempo de Dios,Natalia Soledad,Fluye en Mí,ARDL12300056,1963622110580.0,2024-04-11 00:00:00,2024,dashgo,SI,
"Natalia Soledad, A Precio de Sangre",Espera el Tiempo de Dios,Natalia Soledad|A Precio de Sangre,Fluye en Mí,ARDL12300046,1963622110580.0,2024-04-11 00:00:00,2024,dashgo,SI,x
GUSTY DJ|El Negro Tecla|The La Planta,Tus Dulces Abrazos,GUSTY DJ|El Negro Tecla|The La Planta,Tus Dulces Abrazos,QZGLS2474714,742526808677.0,2024-04-18 00:00:00,2024,onerpm,SI,x
mamiyosoyelth|Alex Produciendo,PERREO TH,mamiyosoyelth|Alex Produciendo,PERREO TH,QZK6L2413498,198474349470.0,2024-04-20 00:00:00,2024,fuga,NO,LNS
mamiyosoyelth|Lihueeel,Perreo TL,mamiyosoyelth|Lihueeel,Perreo TL,QZK6L2413497,198474357444.0,2024-04-20 00:00:00,2024,fuga,NO,LNS
Young Las,No Estás,Young Las,No Estás,US3DF2421191,1963622010453.0,2024-04-25 00:00:00,2024,dashgo,SI,
Emiliano Nahuel featuring Music Quality,Perdón Mamá,Emiliano Nahuel featuring Music Quality,Perdón Mamá,QZK6H2436033,198476469404.0,2024-04-30 00:00:00,2024,fuga,NO,
M Aquí Adonai,Vamo a Romper,M Aquí Adonai,Vamo a Romper,ARDL12400001,1963622145216.0,2024-05-01 00:00:00,2024,dashgo,SI,
Juli Savioli,Mismo Aire,Juli Savioli,Mismo Aire,ARDL12300058,1963622124556.0,2024-05-09 00:00:00,2024,ada,SI,x
mamiyosoyelth|Alex Produciendo,PERREO TH 2,mamiyosoyelth|Alex Produciendo,PERREO TH 2,QZK6F2498588,198478762183.0,2024-05-09 00:00:00,2024,fuga,NO,LNS
mamiyosoyelth|Alex Produciendo,Mamichula,mamiyosoyelth|Alex Produciendo,Mamichula,QZMEN2433387,198094877285.0,2024-05-15 00:00:00,2024,fuga,NO,LNS
mamiyosoyelth|Alex Produciendo,Privado,mamiyosoyelth|Alex Produciendo,Privado,QZMEN2430622,198094878268.0,2024-05-15 00:00:00,2024,fuga,NO,LNS
Emiliano Nahuel,Barrio De Chacales - Emiliano Nahuel Version,Emiliano Nahuel,Barrio De Chacales - Emiliano Nahuel Version,QZMEN2481024,198094691003.0,2024-05-16 00:00:00,2024,fuga,NO,
Emiliano Nahuel featuring el winner and Music Quality,Cuidao - M.Q Version,Emiliano Nahuel featuring el winner and Music Quality,Cuidao - M.Q Version,QZMEN2482780,198094688089.0,2024-05-16 00:00:00,2024,fuga,NO,
Emiliano Nahuel featuring el winner and Music Quality,Que Pasa,Emiliano Nahuel featuring el winner and Music Quality,Que Pasa,QZMEN2482792,198094685231.0,2024-05-16 00:00:00,2024,fuga,NO,
Bianca Lif,Rebolea Remix,Bianca Lif,Rebolea Remix,ARDL12400007,1963622207990.0,2024-05-16 00:00:00,2024,dashgo,SI,x
M Aquí Adonai,Re Ganado,M Aquí Adonai,Re Ganado,ARDL12400002,1963622190148.0,2024-05-21 00:00:00,2024,dashgo,SI,
Matias Mareco,UH LA LA LA - Perreo,Matias Mareco,UH LA LA LA - Perreo,US3DF2473859,1963622231971.0,2024-05-23 00:00:00,2024,dashgo,SI,x
Yankee Dj,Querias Cumbia?,Yankee Dj,Su Majestad 2024,ARDL12400009,1963622229787.0,2024-05-23 00:00:00,2024,dashgo,SI,x
Yankee Dj,Querias Cumbia?,Yankee Dj,Pinche Cumbion,ARDL12400012,1963622229787.0,2024-05-23 00:00:00,2024,dashgo,SI,x
Yankee Dj,Querias Cumbia?,Yankee Dj,Danza Mara (dub),ARDL12400014,1963622229787.0,2024-05-23 00:00:00,2024,dashgo,SI,x
Yankee Dj,Querias Cumbia?,Yankee Dj,La Cumbia de los Sonidos,ARDL12400016,1963622229787.0,2024-05-23 00:00:00,2024,dashgo,SI,x
Yankee Dj,Querias Cumbia?,Yankee Dj,La Cumbia del Amor,ARDL12400018,1963622229787.0,2024-05-23 00:00:00,2024,dashgo,SI,x
Yankee Dj,Querias Cumbia?,Yankee Dj,Mi Amiga,ARDL12400021,1963622229787.0,2024-05-23 00:00:00,2024,dashgo,SI,x
Yankee Dj,Querias Cumbia?,Yankee Dj,La Cumbia de la Bocinita,ARDL12400024,1963622229787.0,2024-05-23 00:00:00,2024,dashgo,SI,x
Yankee Dj,Querias Cumbia?,Yankee Dj,Cumbia Lenta,ARDL12400025,1963622229787.0,2024-05-23 00:00:00,2024,dashgo,SI,x
"Yankee Dj, Alberto Brito",Querias Cumbia?,Yankee Dj|Alberto Brito,El Diario De Un Borracho,ARDL12400017,1963622229787.0,2024-05-23 00:00:00,2024,dashgo,SI,x
"Yankee Dj, Alberto Brito",Querias Cumbia?,Yankee Dj|Alberto Brito,La Cumbia Bacana,ARDL12400022,1963622229787.0,2024-05-23 00:00:00,2024,dashgo,SI,x
"Yankee Dj, BatataMix",Querias Cumbia?,Yankee Dj|BatataMix,La Danza De La Vieja Escuela,ARDL12400020,1963622229787.0,2024-05-23 00:00:00,2024,dashgo,SI,x
"Yankee Dj, ExzaCumbia",Querias Cumbia?,Yankee Dj|ExzaCumbia,Bailaras,ARDL12400013,1963622229787.0,2024-05-23 00:00:00,2024,dashgo,SI,x
"Yankee Dj, ExzaCumbia",Querias Cumbia?,Yankee Dj|ExzaCumbia,El Pescador,ARDL12400019,1963622229787.0,2024-05-23 00:00:00,2024,dashgo,SI,x
"Yankee Dj, La Grilla",Querias Cumbia?,Yankee Dj|La Grilla,Ladron de Corazones,ARDL12400015,1963622229787.0,2024-05-23 00:00:00,2024,dashgo,SI,x
"Yankee Dj, La Grilla",Querias Cumbia?,Yankee Dj|La Grilla,Levantando Tierra,ARDL12400023,1963622229787.0,2024-05-23 00:00:00,2024,dashgo,SI,x
"Yankee Dj, Los Byby's",Querias Cumbia?,Yankee Dj|Los Byby's,Te Lo Pido Por Favor,ARDL12400011,1963622229787.0,2024-05-23 00:00:00,2024,dashgo,SI,x
"Yankee Dj, Luis Ornelas",Querias Cumbia?,Yankee Dj|Luis Ornelas,Linda Chinita,ARDL12400010,1963622229787.0,2024-05-23 00:00:00,2024,dashgo,SI,x
"Yankee Dj, Onda Sabanera",Querias Cumbia?,Yankee Dj|Onda Sabanera,Segunda vuelta de Juan Valdez,ARDL12400008,1963622229787.0,2024-05-23 00:00:00,2024,dashgo,SI,x
Juli Jones,Me Pica La Cabeza,Juli Jones,Me Pica La Cabeza,ARDL12400027,1963622232619.0,2024-05-24 00:00:00,2024,dashgo,SI,
Juli Jones,En Movimiento,Juli Jones,En Movimiento,ARDL12400028,1963622234774.0,2024-05-25 00:00:00,2024,dashgo,SI,
ManuVe|HDR,Dale Chispeate,ManuVe|HDR,Dale Chispeate,ARDL12400030,8721093272380.0,2024-05-31 00:00:00,2024,fuga,SI,
LIT killah,Dreams & Love,LIT killah,Dreams & Love,ARDL12400031,85365337244.0,2024-06-11 00:00:00,2024,ada,NO,x
mamiyosoyelth|Alex Produciendo,PERREO TH 3,mamiyosoyelth|Alex Produciendo,PERREO TH 3,QZNWV2493566,198674032776.0,2024-06-15 00:00:00,2024,fuga,NO,LNS
Emiliano Nahuel,El Dia De Mi Suerte,Emiliano Nahuel,El Dia De Mi Suerte,QZZ7P2472818,199098572152.0,2024-06-25 00:00:00,2024,fuga,NO,
M Aquí Adonai,Danzando,M Aquí Adonai,Danzando,ARDL12400033,8721093339281.0,2024-06-28 00:00:00,2024,fuga,SI,
Altares Worship,Santo Por Siempre,Altares Worship,Santo Por Siempre,ARDL12400039,8721093407553.0,2024-06-29 00:00:00,2024,fuga,SI,
Yankee Dj|El Combo Loco de Mike Rodriguez|Grupo Kandombe,La Porra Caimanera,Yankee Dj|El Combo Loco de Mike Rodriguez|Grupo Kandombe,La Porra Caimanera,ARDL12400041,8721093447597.0,2024-07-05 00:00:00,2024,fuga,SI,x
Altares Worship,En Intimidad,Altares Worship,En Intimidad,ARDL12400045,8721093505822.0,2024-07-19 00:00:00,2024,fuga,SI,
Juli Savioli,Espinas,Juli Savioli,Espinas,US3DF2497785,1963622326233.0,2024-07-25 00:00:00,2024,ada,SI,x
GUSTY DJ|elaggume,Session en el Barrio #13,GUSTY DJ|elaggume,Session en el Barrio #13,ARDL12400048,752991875357.0,2024-08-01 00:00:00,2024,onerpm,SI,x
mamiyosoyelth|Alex Produciendo,PERREO TH 4,mamiyosoyelth|Alex Produciendo,PERREO TH 4,QZTB22462691,198665135684.0,2024-08-04 00:00:00,2024,fuga,NO,LNS
BUCCI,Som Som,BUCCI|Fak,Som Som,ARDL12400056,8721093630722.0,2024-08-09 00:00:00,2024,fuga,SI,
Altares Worship,Quiero Ser Santo,Altares Worship,Quiero Ser Santo,ARDL12400057,8721093631187.0,2024-08-10 00:00:00,2024,fuga,SI,
M Aquí Adonai,Tierra Santa,M Aquí Adonai,Tierra Santa,ARDL12400050,8721093547211.0,2024-08-10 00:00:00,2024,fuga,SI,
LAALODJ|PACOREMIX|Alan SSLK,Ingrata,LAALODJ|PACOREMIX|Alan SSLK,Ingrata,ARDL12400052,8721093561323.0,2024-08-15 00:00:00,2024,fuga,SI,x
Juli Savioli,Te Prestaria Mis Ojos,Juli Savioli,Te Prestaria Mis Ojos,USANG2402075,1963622336041.0,2024-08-15 00:00:00,2024,ada,SI,x
mamiyosoyelth|Alex Produciendo,Me Dejaste Solo,mamiyosoyelth|Alex Produciendo,Me Dejaste Solo,QZTB72429269,198662579283.0,2024-08-18 00:00:00,2024,fuga,NO,LNS
DINA,Un Millon de Sueños,DINA,Un Millon de Sueños,ARDL12400073,8721093677413.0,2024-08-23 00:00:00,2024,fuga,SI,
mamiyosoyelth,PERREO ESA NALGOTA MIX,mamiyosoyelth,PERREO ESA NALGOTA MIX,QZTBD2417714,198890160468.0,2024-09-03 00:00:00,2024,fuga,NO,LNS
mamiyosoyelth|Lihueeel,ROCHA MILIPIL,mamiyosoyelth|Lihueeel,ROCHA MILIPIL,QZTBE2404068,198889390821.0,2024-09-07 00:00:00,2024,fuga,NO,LNS
mamiyosoyelth,GATA PELIGROSA,mamiyosoyelth,GATA PELIGROSA,QZTBE2409098,198889361272.0,2024-09-07 00:00:00,2024,fuga,NO,LNS
mamiyosoyelth,POR LEY,mamiyosoyelth,POR LEY,QZTBE2409087,198889366048.0,2024-09-07 00:00:00,2024,fuga,NO,LNS
mamiyosoyelth,PUESTO PA LO MIO,mamiyosoyelth,PUESTO PA LO MIO,QZTBE2408187,198889367243.0,2024-09-07 00:00:00,2024,fuga,NO,LNS
Dormun,El Farsante,Dormun,El Farsante,ARDL12400078,8721093907237.0,2024-09-11 00:00:00,2024,fuga,SI,x
LIT killah|Nicki Nicole,Somos 3,LIT killah|Nicki Nicole,Somos 3,ARDL12400078,5034644050102.0,2024-09-12 00:00:00,2024,ada,SI,x
M Aquí Adonai,Jezabel,M Aquí Adonai,Jezabel,ARDL12400077,8721093871040.0,2024-09-14 00:00:00,2024,fuga,SI,
GUSTY DJ|Ponte Perro,Session en el Barrio #14,GUSTY DJ|Ponte Perro,Session en el Barrio #14,ARDL12400075,759158920134.0,2024-09-19 00:00:00,2024,onerpm,SI,x
A Precio de Sangre featuring La Base,Cumbiuncion,A Precio de Sangre featuring La Base,Cumbiuncion,ARDL12400079,8721093927563.0,2024-09-19 00:00:00,2024,fuga,SI,
mamiyosoyelth|Alex Produciendo,AY LUPITA !,mamiyosoyelth|Alex Produciendo,AY LUPITA !,QZWFH2461081,198886262268.0,2024-09-23 00:00:00,2024,fuga,NO,LNS
Altares Worship,Descanso en Ti,Altares Worship,Descanso en Ti,ARDL12400082,8721093991991.0,2024-09-24 00:00:00,2024,fuga,SI,
PACOREMIX|Alan SSLK|Dielo 98 featuring $L Baio|El Coquiito|Kevin Gabriel|Layan|MB|Martian|Betabeatz|Drmoceton|Panky|MD.Chicho,POR LOS MIOS,PACOREMIX|Alan SSLK|Dielo 98 featuring $L Baio|El Coquiito|Kevin Gabriel|Layan|MB|Martian|Betabeatz|Drmoceton|Panky|MD.Chicho,POR LOS MIOS,ARDL12400084,8721253000594.0,2024-09-27 00:00:00,2024,fuga,SI,x
M Aquí Adonai,Agradecido Con Dios,M Aquí Adonai,Agradecido Con Dios,ARDL12400083,8721093992059.0,2024-10-01 00:00:00,2024,fuga,SI,
mamiyosoyelth|Juan Rmx,PERREO BETTY QUISPE OSA,mamiyosoyelth|Juan Rmx,PERREO BETTY QUISPE OSA,QZWFQ2448979,198883230314.0,2024-10-09 00:00:00,2024,fuga,NO,LNS
Yankee Dj,La Cumbia de los Cigarrillos,Yankee Dj,La Cumbia de los Cigarrillos,ARDL12400099,8721253115571.0,2024-10-16 00:00:00,2024,fuga,SI,x
Matias Mareco|Alan SSLK,El Vaper,Matias Mareco|Alan SSLK,El Vaper,ARDL12400098,8721253115298.0,2024-10-17 00:00:00,2024,fuga,SI,x
DINA,No Tengas Dudas,DINA,No Tengas Dudas,ARDL12400101,8721253140566.0,2024-10-19 00:00:00,2024,fuga,SI,
LIT killah,Kustom,LIT killah,Kustom,ARDL12400089,5034644183985.0,2024-10-23 00:00:00,2024,ada,NO,x
LIT killah,Kustom,LIT killah,LA ELITE,ARDL12400090,5034644183985.0,2024-10-23 00:00:00,2024,ada,NO,x
LIT killah,Kustom,LIT killah,DAME Q,ARDL12400092,5034644183985.0,2024-10-23 00:00:00,2024,ada,NO,x
LIT killah,Kustom,LIT killah,ALL INCLUSIVE,ARDL12400094,5034644183985.0,2024-10-23 00:00:00,2024,ada,NO,x
LIT killah,Kustom,LIT killah,BPM,ARDL12400096,5034644183985.0,2024-10-23 00:00:00,2024,ada,NO,x
LIT killah,Kustom,LIT killah,Dreams & Love,ARDL12400031,5034644183985.0,2024-10-23 00:00:00,2024,ada,NO,x
LIT killah,Kustom,LIT killah,NADA DE NADA,ARDL12400097,5034644183985.0,2024-10-23 00:00:00,2024,ada,NO,x
LIT killah|Emilia,Kustom,LIT killah|Emilia,DAMN GIRL,ARDL12400095,5034644183985.0,2024-10-23 00:00:00,2024,ada,NO,x
LIT killah|Milo j|Ronny J,Kustom,LIT killah|Milo j|Ronny J,Carta de Despedida,BK4DA2407453,5034644183985.0,2024-10-23 00:00:00,2024,ada,NO,x
LIT killah|Nicki Nicole,Kustom,LIT killah|Nicki Nicole,Somos 3,ARDL12400078,5034644183985.0,2024-10-23 00:00:00,2024,ada,SI,x
LIT killah|Salastkbron|Pablo Chill-E,Kustom,LIT killah|Salastkbron|Pablo Chill-E,NO LOS VI,ARDL12400093,5034644183985.0,2024-10-23 00:00:00,2024,ada,NO,x
LIT killah|Tiago PZK|Big One,Kustom,LIT killah|Tiago PZK|Big One,LuXxX,USWL12302351,5034644183985.0,2024-10-23 00:00:00,2024,ada,NO,x
LIT killah|TULI,Kustom,LIT killah|TULI,MALA SUERTE,ARDL12400091,5034644183985.0,2024-10-23 00:00:00,2024,ada,NO,x
A Precio de Sangre featuring La Cumbia del Rey,Con Fe,A Precio de Sangre|La Cumbia del Rey,Con Fe,ARDL12400102,8721253155843.0,2024-10-24 00:00:00,2024,fuga,SI,
TOTI|Preciau,PING-PONG,TOTI|Preciau,PING-PONG,ARDL12400103,8721253162957.0,2024-10-24 00:00:00,2024,fuga,SI,x
mamiyosoyelth|LoyalMVP,PLATONI-K,mamiyosoyelth|LoyalMVP,PLATONI-K,QZWFW2487670,198879527916.0,2024-10-29 00:00:00,2024,fuga,NO,LNS
Cande Gonzalez|El Joan,Nos Escapamos,Cande Gonzalez|El Joan,Nos Escapamos,ARDL12400104,8721253178576.0,2024-10-31 00:00:00,2024,fuga,SI,x
Emiliano Nahuel featuring Jotae R and El Bellaco,En Mi Barrio,Emiliano Nahuel featuring Jotae R and El Bellaco,En Mi Barrio,QZZ7Q2455888,199098573081.0,2024-11-01 00:00:00,2024,fuga,NO,
Juli Savioli,conociéndote me conocí,Juli Savioli,conociéndote me conocí,USANG2463589,1963622590726.0,2024-11-07 00:00:00,2024,ada,SI,x
Nicole Fernandez,El BM,Nicole Fernandez,El BM,ARDL12400106,8721253239147.0,2024-11-07 00:00:00,2024,fuga,SI,x
LIT killah|TULI,MALA SUERTE,LIT killah|TULI,MALA SUERTE,ARDL12400091,5034644257495.0,2024-11-08 00:00:00,2024,ada,NO,x
SoyTiara,más cara,SoyTiara,más cara,QZTVM2497188,734284013219.0,2024-11-10 00:00:00,2024,fuga,SI,x
DINA,Vertigo,DINA,Vertigo,ARDL12400107,8721253255963.0,2024-11-14 00:00:00,2024,fuga,SI,
FederiKita,Tu bff Favorita,FederiKita,Tu bff Favorita,ARDL12400108,8721253269137.0,2024-11-14 00:00:00,2024,fuga,SI,x
ManuVe|HERNAN JCP,TE DA O NO,ManuVe|HERNAN JCP,TE DA O NO,ARDL12400110,8721253283799.0,2024-11-14 00:00:00,2024,fuga,SI,
LIT killah|Paulo Londra featuring. Big One,Protagonista,LIT killah|Paulo Londra featuring. Big One,Protagonista,ARDL12400109,5034644275628.0,2024-11-20 00:00:00,2024,ada,NO,x
SoyTiara|Coco Palmer,BUM TAM TAM,SoyTiara|Coco Palmer,BUM TAM TAM,QZW9L2447386,734691069953.0,2024-11-22 00:00:00,2024,fuga,SI,x
mamiyosoyelth|Juan Rmx|Alex Produciendo,LOS DUEÑOS DEL CHICHE,mamiyosoyelth|Juan Rmx|Alex Produciendo,LOS DUEÑOS DEL CHICHE,QZZ7N2495881,199082873562.0,2024-11-23 00:00:00,2024,fuga,NO,LNS
mamiyosoyelth|Alex Produciendo,PERREO TH 5,mamiyosoyelth|Alex Produciendo,PERREO TH 5,QZZ7N2429304,199082898893.0,2024-11-23 00:00:00,2024,fuga,NO,LNS
FederiKita,Kita Virtual,FederiKita,Kita Virtual,ARDL12400112,8721253362845.0,2024-11-30 00:00:00,2024,fuga,SI,x
GUSTY DJ|Peipper|Ecko feat. elaggume,Novio Nuevo,GUSTY DJ|Peipper|Ecko feat. elaggume,Novio Nuevo,ARDL12400113,734691336055.0,2024-12-04 00:00:00,2024,onerpm,SI,x
M. Roca,La Disco,M. Roca,La Disco,ARDL12400111,8721253340225.0,2024-12-06 00:00:00,2024,fuga,SI,
M Aqui Adonai|Viru Kumbieron,Santa Fe,M Aqui Adonai|Viru Kumbieron,Santa Fe,ARDL12400105,8721253202530.0,2024-12-07 00:00:00,2024,fuga,SI,
Dj Plaga|Mc Tota,Movimento,Dj Plaga|Mc Tota,Movimento,QZW9L2430233,734284951535.0,2024-12-12 00:00:00,2025.0,fuga,SI,x
Simo Viani,Como Yo,Simo Viani,Como Yo,ARDL12400114,8721253404804.0,2024-12-12 00:00:00,2024,fuga,SI,x
A Precio de Sangre featuring Puerto Seguro,No Puedo Vivir Sin Ti,A Precio de Sangre featuring Puerto Seguro,No Puedo Vivir Sin Ti,ARDL12400115,8721253408956.0,2024-12-14 00:00:00,2024,fuga,SI,
DINA,Navidad,DINA,It's Beginning to Look a Lot Like Christmas,ARDL12400116,8721253432753.0,2024-12-15 00:00:00,2024,fuga,SI,
DINA,Navidad,DINA,Holly Jolly Christmas,ARDL12400117,8721253432753.0,2024-12-15 00:00:00,2024,fuga,SI,
DINA,Navidad,DINA,Underneath the Tree,ARDL12400118,8721253432753.0,2024-12-15 00:00:00,2024,fuga,SI,
DINA,Navidad,DINA,Snowman,ARDL12400119,8721253432753.0,2024-12-15 00:00:00,2024,fuga,SI,
DINA,Navidad,DINA,Let it Snow,ARDL12400120,8721253432753.0,2024-12-15 00:00:00,2024,fuga,SI,
DINA,Navidad,DINA,Sleigh Ride,ARDL12400121,8721253432753.0,2024-12-15 00:00:00,2024,fuga,SI,
DINA,Navidad,DINA,Feliz Navidad,ARDL12400122,8721253432753.0,2024-12-15 00:00:00,2024,fuga,SI,
DINA,Navidad,DINA,Jingle Bell Rock,ARDL12400123,8721253432753.0,2024-12-15 00:00:00,2024,fuga,SI,
DINA,Navidad,DINA,Rocking Around the Christmas Tree,ARDL12400124,8721253432753.0,2024-12-15 00:00:00,2024,fuga,SI,
DINA,Navidad,DINA,All I Want for Christmas Is You,ARDL12400125,8721253432753.0,2024-12-15 00:00:00,2024,fuga,SI,
DINA,Navidad,DINA,Last Christmas,ARDL12400126,8721253432753.0,2024-12-15 00:00:00,2024,fuga,SI,
Juli Savioli,Te Escondes,Juli Savioli,Te Escondes,USANG2401082,1963622336065.0,2024-12-19 00:00:00,2024,ada,SI,x
mamiyosoyelth|Alex Produciendo,QUIEN YO SOY ?,mamiyosoyelth|Alex Produciendo,QUIEN YO SOY ?,QT3EZ2447445,199093355330.0,2024-12-23 00:00:00,2024,fuga,NO,LNS
Felix Record,Cuéntame,Felix Record,Cuéntame,QZZ7R2442541,199092753311.0,2024-12-26 00:00:00,2025.0,fuga,NO,?
Dj Plaga|Mc Tota|Paly,Atraco,Dj Plaga|Mc Tota|Paly,Atraco,US7VG2539419,790092230064.0,2025-01-14 00:00:00,2025.0,fuga,SI,x
Dj Plaga|Mc Tota|Ponte Perro,Funky Rocho,Dj Plaga|Mc Tota|Ponte Perro,Funky Rocho,US7VG2525782,790092134546.0,2025-01-16 00:00:00,2025,fuga,SI,x
"Emiliano Nahuel featuring Sebiche, El Osito Wito and Music Quality",Hola,"Emiliano Nahuel featuring Sebiche, El Osito Wito and Music Quality",Hola,QZDA62528136,199086664289.0,2025-01-24 00:00:00,2025,fuga,SI,x
"Panky Desalineado and Nikillo Yb featuring Alan SSLK, ManuVe, Dr Moceton and PACOREMIX",PA LA PLAYA,Panky Desalineado and Nikillo Yb featuring Alan SSLK|ManuVe|Dr Moceton and PACOREMIX,PA LA PLAYA,ARDL12500001,8721253623595.0,2025-01-31 00:00:00,2025,fuga,SI,x
Coco Palmer|Joaquin Da Rosa,Romántico,Coco Palmer|Joaquin Da Rosa,Romántico,ARDL12500002,8721253660569.0,2025-02-13 00:00:00,2025,fuga,SI,x
Baby Cue,LAVAGIRL,Baby Cue,LAVAGIRL,ARDL12500008,8721253808190.0,2025-02-14 00:00:00,2025,fuga,SI,x
mamiyosoyelth|Alex Produciendo,CHICHE PREMIUM,mamiyosoyelth|Alex Produciendo,CHICHE PREMIUM,QZES92544492,199081926030.0,2025-02-14 00:00:00,2025,fuga,NO,LNS
FederiKita,Factos,FederiKita,Factos,ARDL12500003,8721253751014.0,2025-02-20 00:00:00,2025,fuga,SI,x
FACUU DJ|Kaleb Di Masi,ATREVIDA,FACUU DJ|Kaleb Di Masi,ATREVIDA,ARDL12500005,8721253778936.0,2025-02-21 00:00:00,2025,fuga,SI,x
A Precio de Sangre featuring Sebastian Mendoza,Tus Cuerdas de Amor,A Precio de Sangre featuring Sebastian Mendoza,Tus Cuerdas de Amor,ARDL12500006,8721253805472.0,2025-02-27 00:00:00,2025,fuga,SI,
Luli Barrios,Decile a las Demás,Luli Barrios,Decile a las Demás,ARDL12500004,8721253775263.0,2025-02-27 00:00:00,2025,fuga,SI,x
mamiyosoyelth|Young pei,PA LAS MOTO$,mamiyosoyelth|Young pei,PA LAS MOTO$,QZHN82555770,199078627506.0,2025-03-03 00:00:00,2025,fuga,NO,LNS
mamiyosoyelth|Juan Rmx,Los dueños del chiche 2,mamiyosoyelth|Juan Rmx,Los dueños del chiche 2,QZHNA2500016,199344901071.0,2025-03-06 00:00:00,2025,fuga,NO,LNS
TOTI|Coco Palmer,Garota,TOTI|Coco Palmer,Garota,ARDL12500009,8721253847472.0,2025-03-07 00:00:00,2025,fuga,SI,x
mamiyosoyelth|FALAK,OXY,mamiyosoyelth|FALAK,OXY,QZHNB2567561,199343906633.0,2025-03-11 00:00:00,2025,fuga,NO,LNS
Dj Plaga|Mc Tota|John Eric,Eu Quero 4,Dj Plaga|Mc Tota|John Eric,Eu Quero 4,QZGLS2518430,790522474426.0,2025-03-13 00:00:00,2025,onerpm,SI,x
GUSTY DJ,Ascenso,GUSTY DJ|Fak,La Intro,QZGLS2526356,790522526248.0,2025-03-13 00:00:00,2025,fuga,SI,x
GUSTY DJ,Ascenso,GUSTY DJ|_zaymi|Flor Gomez,Hechizado,QZGLS2526358,790522526248.0,2025-03-13 00:00:00,2025,fuga,SI,x
GUSTY DJ,Ascenso,GUSTY DJ|Mc Tota,Que Se Saque Todo,QZGLS2526359,790522526248.0,2025-03-13 00:00:00,2025,fuga,SI,x
GUSTY DJ,Ascenso,GUSTY DJ|Alan SSLK,Modelito,QZGLS2526360,790522526248.0,2025-03-13 00:00:00,2025,fuga,SI,x
GUSTY DJ,Ascenso,GUSTY DJ|Cande Gonzalez,Provoca,QZGLS2526361,790522526248.0,2025-03-13 00:00:00,2025,fuga,SI,x
GUSTY DJ,Ascenso,GUSTY DJ|John Eric,Se Pegó y Lo Sintió,QZGLS2526362,790522526248.0,2025-03-13 00:00:00,2025,fuga,SI,x
GUSTY DJ,Ascenso,GUSTY DJ|Nicky HG,Prumm,QZGLS2526363,790522526248.0,2025-03-13 00:00:00,2025,fuga,SI,x
GUSTY DJ,Ascenso,GUSTY DJ|DEL40SUENA0,Gárgola,QZGLS2526364,790522526248.0,2025-03-13 00:00:00,2025,fuga,SI,x
GUSTY DJ,Ascenso,GUSTY DJ|BUCCI|Markos Possi,Bobo,QZGLS2526365,790522526248.0,2025-03-13 00:00:00,2025,fuga,SI,x
GUSTY DJ,Ascenso,GUSTY DJ|CARMELO 49,Señora,QZGLS2526366,790522526248.0,2025-03-13 00:00:00,2025,fuga,SI,x
GUSTY DJ,Ascenso,GUSTY DJ|HERNAN JCP,Matemos las Ganas,QZGLS2526367,790522526248.0,2025-03-13 00:00:00,2025,fuga,SI,x
GUSTY DJ,Ascenso,GUSTY DJ|Santy DM,Mi Amor,QZGLS2526368,790522526248.0,2025-03-13 00:00:00,2025,fuga,SI,x
GUSTY DJ,Ascenso,GUSTY DJ|Paly,Gustos Caros,QZGLS2526369,790522526248.0,2025-03-13 00:00:00,2025,fuga,SI,x
Natalia Soledad feat. David Ezequiel,UNCIÓN EN EL AIRE,Natalia Soledad feat. David Ezequiel,UNCIÓN EN EL AIRE,ARDL12500010,8721215022480.0,2025-03-20 00:00:00,2025,fuga,SI,
Emiliano Nahuel,Calentón,Emiliano Nahuel,Calentón,QZK6J2562012,199339802246.0,2025-04-02 00:00:00,2025,fuga,NO,
mamiyosoyelth,PERREO TH 6,mamiyosoyelth,PERREO TH 6,QZK6F2571567,199338110465.0,2025-04-07 00:00:00,2025,fuga,NO,LNS
PACOREMIX|TOTI|Alan SSLK featuring LAALO DJ,Cuatro y Pico,PACOREMIX|TOTI|Alan SSLK featuring LAALO DJ,Cuatro y Pico,ARDL12500013,8721215065487.0,2025-04-10 00:00:00,2025,fuga,SI,x
Biei Postiglioni|Croniko,BLIN,Biei Postiglioni|Croniko,BLIN,ARDL12500015,8721215163329.0,2025-04-17 00:00:00,2025,fuga,SI,
Juli Savioli,Una Noche de Terror,Juli Savioli,Una Noche de Terror,ARDL12500014,8721215142676.0,2025-04-24 00:00:00,2025,ada,SI,x
LIT killah,FIAMORE,LIT killah,FIAMORE,ARDL12500011,5034644636207.0,2025-04-30 00:00:00,2025,ada,SI,x
Emiliano Nahuel featuring Pablito,Compañero,Emiliano Nahuel featuring Pablito,Compañero,QZNWV2584703,199332170229.0,2025-04-30 00:00:00,2025,fuga,NO,
Simo Viani|Coco Palmer,Todo Lo Que Tenga Que Ver Con Vos,Simo Viani|Coco Palmer,Todo Lo Que Tenga Que Ver Con Vos,ARDL12500016,8721215285465.0,2025-05-08 00:00:00,2025,fuga,SI,x
mamiyosoyelth,Baby gloss,mamiyosoyelth,Baby gloss,QZNWZ2553744,199330272000.0,2025-05-13 00:00:00,2025,fuga,NO,LNS
BUCCI|El Doc,TIK TAK,BUCCI|El Doc,TIK TAK,ARDL12500019,8721215425519.0,2025-05-15 00:00:00,2025,fuga,SI,
FACUU DJ|El Joan,Pa La Calle,FACUU DJ|El Joan,Pa La Calle,ARDL12500017,8721215285984.0,2025-05-16 00:00:00,2025,fuga,SI,x
Cande Gonzalez|Agus Padilla|Gusty dj,Tensión,Cande Gonzalez|Agus Padilla|Gusty dj,Tensión,ARDL12500021,8721215493754.0,2025-05-21 00:00:00,2025,fuga,SI,x
SoyTiara,ANILLO Y CADENA,SoyTiara,ANILLO Y CADENA,ARDL12500020,8721215486862.0,2025-05-22 00:00:00,2025,fuga,SI,x
Emiliano Nahuel,Desde Chamaquito,Emiliano Nahuel,Desde Chamaquito,QZTB82562129,199518094684.0,2025-05-22 00:00:00,2025,fuga,NO,
A Precio de Sangre featuring Jorge Avila,Te Amo - Bésame,A Precio de Sangre featuring Jorge Avila,Te Amo - Bésame,ARDL12500022,8721215499077.0,2025-05-24 00:00:00,2025,fuga,SI,
mamiyosoyelth,Perreo 25,mamiyosoyelth,Perreo 25,QZTAS2583860,199524557661.0,2025-05-25 00:00:00,2025,fuga,NO,LNS
ACIT x|Gordo Larvo|Teø,Noche de Pecados,ACIT x|Gordo Larvo|Teø,Noche de Pecados,ARD3Z2400050,198704523168.0,2025-06-06 00:00:00,2025,fuga,SI,x
Samuel Peralta,Mas Me Das Mas,Samuel Peralta,Mas Me Das Mas,ARDL12500023,8721215586685.0,2025-06-09 00:00:00,2025,fuga,SI,
LAALODJ,Anomis,LAALODJ,Anomis,ARDL12500028,8721215638162.0,2025-06-11 00:00:00,2025,fuga,SI,x
Aneley,Me Erizas la Piel,Aneley,Me Erizas la Piel,ARDL12500026,8721215619345.0,2025-06-12 00:00:00,2025,fuga,SI,x
Luli Barrios,Si Te Da,Luli Barrios,Si Te Da,ARDL12500025,8721215618935.0,2025-06-12 00:00:00,2025,fuga,SI,x
Candu Domínguez|NachOnTheBeat,03:33:00,Candu Domínguez|NachOnTheBeat,03:33:00,ARDL12500030,8721215676898.0,2025-06-17 00:00:00,2025,fuga,SI,
mamiyosoyelth,Perreo mamiyosoyelth,mamiyosoyelth,Perreo mamiyosoyelth,QZTB62504366,199519417970.0,2025-06-17 00:00:00,2025,fuga,NO,LNS
Tatum 73,Te Pensaste,Tatum 73,Te Pensaste,ARDL12500029,8721215648987.0,2025-06-18 00:00:00,2025,fuga,SI,x
Dj Plaga|Benji Gramitos,ENVUELTO,Dj Plaga|Benji Gramitos,ENVUELTO,ARDL12500027,8721215620686.0,2025-06-25 00:00:00,2025,fuga,SI,x
"Nicole Fernandez, Cande Gonzalez, Los Byby's and Gusty dj",Te Voy a Olvidar,"Nicole Fernandez, Cande Gonzalez, Los Byby's and Gusty dj",Te Voy a Olvidar,ARDL12500031,8721215764144.0,2025-07-04 00:00:00,2025,fuga,SI,x
Emiliano Nahuel,Sin Saber,Emiliano Nahuel,Sin Saber,ARDL12500046,8721416092862.0,2025-07-05 00:00:00,2025,fuga,NO,
Emiliano Nahuel featuring Alan Martin,La Cabida,Emiliano Nahuel featuring Alan Martin,La Cabida,ARDL12500044,8721416092787.0,2025-07-05 00:00:00,2025,fuga,NO,
Emiliano Nahuel featuring Flow Lokillo,Estilo Criminal,Emiliano Nahuel featuring Flow Lokillo,Estilo Criminal,ARDL12500045,8721416092817.0,2025-07-05 00:00:00,2025,fuga,NO,
M Aquí Adonai|Melquisedec Urbano,Abatido,M Aquí Adonai,Abatido,ARDL12500032,8721215764281.0,2025-07-06 00:00:00,2025,fuga,SI,
Orce|FACUU DJ|Coco Palmer,Turrita,Orce|FACUU DJ|Coco Palmer,Turrita,ARDL12500033,8721215850717.0,2025-07-10 00:00:00,2025,fuga,SI,x
El Retutu,Del Barrio Para el Barrio - Session 1,El Retutu,Del Barrio Para el Barrio - Session 1,ARDL12500035,8721215858119.0,2025-07-17 00:00:00,2025,fuga,SI,x
LIT killah|Neutro Shorty,Dresscode,LIT killah|Neutro Shorty,Dresscode,ARDL12500034,5034644834818.0,2025-07-21 00:00:00,2025,ada,SI,x
SoyTiara,más fina,SoyTiara,más fina,QZNJZ2402780,759158048838.0,2025-07-24 00:00:00,2025,fuga,SI,x
TOTI|Virrshi DJ,2x1,TOTI|Virrshi DJ,2x1,ARDL12500036,8721215882855.0,2025-07-25 00:00:00,2025,fuga,SI,x
Dj Plaga|Mc Tota|El Turko,La Egresada,Dj Plaga|Mc Tota|El Turko,La Egresada,ARDL12500037,8721215963585.0,2025-07-28 00:00:00,2025,fuga,SI,x
SoyTiara|Luz Eluney,TAN DOLIDOS,SoyTiara|Luz Eluney,TAN DOLIDOS,ARDL12500038,8721215618812.0,2025-08-06 00:00:00,2025,fuga,SI,x
A Precio de Sangre|Nueva Adoración,Que Ruja el León,A Precio de Sangre|Nueva Adoración,Que Ruja el León,ARDL12500040,8721416028892.0,2025-08-07 00:00:00,2025,fuga,SI,
Alan SSLK|PACOREMIX,Corazoncito,Alan SSLK|PACOREMIX,Corazoncito,ARDL12500039,8721215398622.0,2025-08-07 00:00:00,2025,fuga,SI,x
LIT killah|Nanpa Básico,No se me Olvida,LIT killah|Nanpa Básico,No se me Olvida,BK4DA2539081,5034644889474.0,2025-08-07 00:00:00,2025,ada,SI,x
M Aquí Adonai,De Lo Más Profundo,M Aquí Adonai,De Lo Más Profundo,ARDL12500041,8721416043857.0,2025-08-16 00:00:00,2025,fuga,SI,
ACIT x|good Brusi,CASINO,ACIT x|good Brusi,CASINO,ARDL12500042,8721416050404.0,2025-08-21 00:00:00,2025,fuga,SI,x
Gusty dj|Ezequiel Matthysse,Session en el Barrio #15,Gusty dj|Ezequiel Matthysse,Diabla,ARDL12500043,8721416100253.0,2025-08-21 00:00:00,2025,fuga,SI,x
Gusty dj|Ezequiel Matthysse,Session en el Barrio #15,Gusty dj|Ezequiel Matthysse,Session en el Barrio #15,ARDL12500048,8721416100253.0,2025-08-21 00:00:00,2025,fuga,SI,x
Luli Barrios,Heridas,Luli Barrios,Heridas,ARDL12500047,8721416097508.0,2025-08-21 00:00:00,2025,fuga,SI,x
Candu Domínguez,Tu Último Baile,Candu Domínguez,Tu Último Baile,ARDL12500050,8721416154805.0,2025-08-28 00:00:00,2025,fuga,SI,
Grupo Red|Lolo OG|Nicole Fernandez,Amor De Adolescentes / No Podré Olvidarme De Ti,Grupo Red|Lolo OG|Nicole Fernandez,Amor De Adolescentes / No Podré Olvidarme De Ti,ARDL12500051,8721416167607.0,2025-08-28 00:00:00,2025,fuga,SI,x
Alexis Benjamin,¿QUIEN SOY?,Alexis Benjamin,¿QUIEN SOY?,ARDL12500052,8721416171383.0,2025-08-29 00:00:00,2025,fuga,SI,
Emiliano Nahuel,Somos de Barrio,Emiliano Nahuel,Somos de Barrio,ARDL12500049,8721416143847.0,2025-09-03 00:00:00,2025,fuga,NO,
FACUU DJ|mamiyosyoyelth,MAMI TE JURO - PERREO TH,FACUU DJ|mamiyosyoyelth,MAMI TE JURO - PERREO TH,ARDL12500053,8721416208713.0,2025-09-11 00:00:00,2025,fuga,SI,x
LIT killah|Gera MX,La Despedida,LIT killah|Gera MX,La Despedida,ARDL12500055,5026854007731.0,2025-09-18 00:00:00,2025,ada,SI,x
Dj Plaga|mamiyosoyelth,PERREO TH 7,Dj Plaga|mamiyosoyelth,PERREO TH 7,ARDL12500058,8721416311413.0,2025-09-18 00:00:00,2025,ada,SI,x
Mandale Flow|GABI SRB|Tirri La Roca,BLAN BLAN,Mandale Flow|GABI SRB|Tirri La Roca,BLAN BLAN,ARDL12500060,8721416341021.0,2025-09-22 00:00:00,2025,fuga,SI,
Fak,FAKROOM#1 BANDIDA,Fak,FAKROOM#1 BANDIDA,ARDL12500057,8721416306587.0,2025-09-25 00:00:00,2025,fuga,SI,x
Aneley|Maxi Espindola|Valen,Por Ese Hombre,Aneley|Maxi Espindola|Valen,Por Ese Hombre,ARDL12500056,619566317929.0,2025-10-02 00:00:00,2025,soundon,SI,x
Candu Domínguez,Por Qué Tú,Candu Domínguez,Por Qué Tú,ARDL12500059,619566317844.0,2025-10-09 00:00:00,2025,soundon,SI,
Dj Plaga|John Eric|Santiago Berrio,Guarache,Dj Plaga|John Eric|Santiago Berrio,Guarache,ARDL12500061,8721416408410.0,2025-10-09 00:00:00,2025,fuga,SI,x
Orce|Dj Plaga|Mc Tota featuring Paly|Lit White,Eu Voce,Orce|Dj Plaga|Mc Tota featuring Paly|Lit White,Eu Voce,ARDL12500064,8721416606939.0,2025-10-14 00:00:00,2025,fuga,SI,x
El Retutu,"Lo Que Pasó, Pasó",El Retutu,"Lo Que Pasó, Pasó",ARDL12500062,8721416463402.0,2025-10-17 00:00:00,2025,fuga,SI,x
Emiliano Nahuel|HDR|LCA FLK|kid wazi,Plan B,Emiliano Nahuel|HDR|LCA FLK|kid wazi,Plan B,ARDL12500067,8721416663239.0,2025-10-22 00:00:00,2025,fuga,NO,
Grupo La IA,Sola Con Mi Soledad,Grupo La IA,Sola Con Mi Soledad,ARDL12500063,8721416464270.0,2025-10-23 00:00:00,2025,fuga,SI,x
El Mendo,Soñadores,El Mendo,Soñadores,ARDL12500065,8721416624896.0,2025-10-23 00:00:00,2025,fuga,SI,x
Kevin Maidana,Lo Intenté,Kevin Maidana,Lo Intenté,ARDL12500068,8721416703959.0,2025-10-31 00:00:00,2025,fuga,NO,
Gusty dj|R Jota|Callejero Fino,Teníamos Menos,Gusty dj|R Jota|Callejero Fino,Teníamos Menos,ARDL12500066,8721416656033.0,2025-11-05 00:00:00,2025,ada,SI,x
Yosoyemii|El Turko,Prestado,Yosoyemii|El Turko,Prestado,ARDL12500070,8721416763731.0,2025-11-05 00:00:00,2025,fuga,NO,
Paly|Juan Rmx,Perreo Rebota,Paly|Juan Rmx,Perreo Rebota,ARDL12500073,8721416809934.0,2025-11-13 00:00:00,2025,fuga,NO,
Dj Plaga|Mc Tota|El Turko|mamiyosoyelth,Tumbalakatumba - Remix,Dj Plaga|Mc Tota|El Turko|mamiyosoyelth,Tumbalakatumba - Remix,ARDL12500071,8721416792731.0,2025-11-13 00:00:00,2025,fuga,SI,x
Grupo La IA,Amala,Grupo La IA,Amala,ARDL12500075,8721416833502.0,2025-11-14 00:00:00,2025,fuga,SI,x
TOTI|FACUU DJ,Session Funk - TOTI x FACUU DJ,TOTI|FACUU DJ,Session Funk - TOTI x FACUU DJ,ARDL12500072,8721416809217.0,2025-11-20 00:00:00,2025,fuga,SI,x
LIT killah,Parking,LIT killah,Parking,ARDL12500076,5026854257051.0,2025-12-02 00:00:00,2025,ada,NO,x
Markitos Salas,Un Loco Soñador,Markitos Salas,Un Loco Soñador,QT6FG2531617,199946389260.0,2025-12-04 00:00:00,2025.0,fuga,NO,?
LIT killah,HARDRIVE,LIT killah,Parking,ARDL12500076,5026854257006.0,2025-12-04 00:00:00,2025,ada,NO,x
LIT killah,HARDRIVE,LIT killah|Hades66,Nada Fácil,ARDL12500077,5026854257006.0,2025-12-04 00:00:00,2025,ada,NO,x
LIT killah,HARDRIVE,LIT killah|Lil Pump|Nesty La Mente Maestra,OKEY,ARDL12500078,5026854257006.0,2025-12-04 00:00:00,2025,ada,NO,x
LIT killah,HARDRIVE,LIT killah,Label,ARDL12500079,5026854257006.0,2025-12-04 00:00:00,2025,ada,NO,x
LIT killah,HARDRIVE,LIT killah|Polimá Westcoast|Lucho SSJ,Más de uno,ARDL12500080,5026854257006.0,2025-12-04 00:00:00,2025,ada,NO,x
LIT killah,HARDRIVE,LIT killah,Época de cambio,ARDL12500081,5026854257006.0,2025-12-04 00:00:00,2025,ada,NO,x
Cande Gonzalez,Amor Gitano,Cande Gonzalez,Amor Gitano,ARDL12500082,698308282893.0,2025-12-04 00:00:00,2025,soundon,SI,x
A Precio de Sangre featuring Rey de Reyes,Amamos Tanto Tu Presencia,A Precio de Sangre featuring Rey de Reyes,Amamos Tanto Tu Presencia,ARDL12500083,8721416990380.0,2025-12-04 00:00:00,2025,fuga,NO,
Orce|Dj Plaga|Ciganda,Los Hombres No Lloran,Orce|Dj Plaga|Ciganda,Los Hombres No Lloran,ARDL12500086,8721465038774.0,2025-12-06 00:00:00,2025.0,fuga,NO,?
Tatum 73,La Oportunidad,Tatum 73,La Oportunidad,ARDL12500085,8721465013801.0,2025-12-09 00:00:00,2025.0,fuga,NO,?
Aneley|Coty Hernández,Amigos No Por Favor,Aneley|Coty Hernández,Amigos No Por Favor,ARDL12500084,698308488196.0,2025-12-11 00:00:00,2025.0,soundon,SI,x
Nicole Fernandez,Estadio Set,Nicole Fernandez,Estadio Set,ARDL12500087,8721465065848.0,2025-12-11 00:00:00,2025.0,fuga,SI,x
Candu Dominguez|Fak,Qué Ironía,Candu Dominguez|Fak,Qué Ironía,ARDL12500089,8721465072143.0,2025-12-11 00:00:00,2025.0,fuga,SI,x
Dai Sanchez|Daniel Cardozo,Indiferente,Dai Sanchez|Daniel Cardozo,Indiferente,ARDL12500088,8721465072020.0,2025-12-17 00:00:00,2025.0,fuga,NO,?
ACIT x,Como El Agua,ACIT x,Como El Agua,ARDL12500091,8721465129748.0,2025-12-18 00:00:00,2025.0,fuga,SI,x
Paly|Gio Deejay featuring Dj Plaga,Carita de Bandida,Paly|Gio Deejay featuring Dj Plaga,Carita de Bandida,ARDL12500093,8721465164053.0,2025-12-18 00:00:00,2025.0,fuga,NO,?
FACUU DJ|Paly|Mc Tota,Ese Cu Tiene Poderes,FACUU DJ|Paly|Mc Tota,Ese Cu Tiene Poderes,ARDL12500092,8721465156409.0,2025-12-19 00:00:00,2025.0,fuga,SI,x
Cesar B featuring Dj Plaga,Hoy Se Guaya,Cesar B featuring Dj Plaga,Hoy Se Guaya,ARDL12600001,8721465427219.0,2026-01-07 00:00:00,2026,fuga,NO,?
Aneley|Josué Bom de Faixa|Gusty dj,FAZER AMOR,Aneley|Josué Bom de Faixa|Gusty dj,FAZER AMOR,AEA3A2625376,601294519652.0,2026-01-15 00:00:00,2026.0,soundon,SI,x
Bianca Lif|Lucas Cash,Sentaita,Bianca Lif|Lucas Cash,Sentaita,AEA3A2699675,601294922513.0,2026-01-15 00:00:00,2026,soundon,SI,x
FACUU DJ|Mc Tota,LLEGÓ EL VERANO,FACUU DJ|Mc Tota,LLEGÓ EL VERANO,ARDL12600002,8721465475166.0,2026-01-15 00:00:00,2026,fuga,SI,x
Valen|Rocío Quiroz|Los Nocheros|Nicole Fernandez,Procuro Olvidarte,Valen|Rocío Quiroz|Los Nocheros|Nicole Fernandez,Procuro Olvidarte,ARDL12500090,601294259480.0,2026-01-16 00:00:00,2026.0,soundon,SI,x
Samuel Peralta,En Medio De La Confusión,Samuel Peralta,En Medio De La Confusión,ARDL12600003,8721465503227.0,2026-01-16 00:00:00,2026.0,fuga,NO,
La Juntada De Los Artistas|Candu Dominguez,Devuélvete - Live,La Juntada De Los Artistas|Candu Dominguez,Devuélvete - Live,QT5M22664077,46081037238.0,2026-01-22 00:00:00,2026.0,soundon,NO,?
La Juntada De Los Artistas|Candu Dominguez,Tu Falta De Querer - Live,La Juntada De Los Artistas|Candu Dominguez,Tu Falta De Querer - Live,QT5M22692699,46081037160.0,2026-01-22 00:00:00,2026.0,soundon,NO,?
La Juntada De Los Artistas|Candu Dominguez|G Sony,CANDU DOMINGUEZ x G SONY / Enganchado en Vivo en LA JUNTADA DE LOS ARTISTAS,La Juntada De Los Artistas|Candu Dominguez|G Sony,CORAZÓN HAMBRIENTO,ARDL12600004,8721465606980.0,2026-01-24 00:00:00,2026.0,fuga,NO,x
La Juntada De Los Artistas|Candu Dominguez|G Sony,CANDU DOMINGUEZ x G SONY / Enganchado en Vivo en LA JUNTADA DE LOS ARTISTAS,La Juntada De Los Artistas|Candu Dominguez|G Sony,LA NAVE DEL OLVIDO,ARDL12600005,8721465606980.0,2026-01-24 00:00:00,2026.0,fuga,NO,x
La Juntada De Los Artistas|Candu Dominguez|G Sony,CANDU DOMINGUEZ x G SONY / Enganchado en Vivo en LA JUNTADA DE LOS ARTISTAS,La Juntada De Los Artistas|Candu Dominguez|G Sony,LOST ON YOU,ARDL12600006,8721465606980.0,2026-01-24 00:00:00,2026.0,fuga,NO,x
La Juntada De Los Artistas|Candu Dominguez|G Sony,CANDU DOMINGUEZ x G SONY / Enganchado en Vivo en LA JUNTADA DE LOS ARTISTAS,La Juntada De Los Artistas|Candu Dominguez|G Sony,NO DIGAS NADA,ARDL12600007,8721465606980.0,2026-01-24 00:00:00,2026.0,fuga,NO,x
La Juntada De Los Artistas|Candu Dominguez|G Sony,CANDU DOMINGUEZ x G SONY / Enganchado en Vivo en LA JUNTADA DE LOS ARTISTAS,La Juntada De Los Artistas|Candu Dominguez|G Sony,VOY VAGANDO,ARDL12600008,8721465606980.0,2026-01-24 00:00:00,2026.0,fuga,NO,x
La Juntada De Los Artistas|Candu Dominguez|G Sony,CANDU DOMINGUEZ x G SONY / Enganchado en Vivo en LA JUNTADA DE LOS ARTISTAS,La Juntada De Los Artistas|Candu Dominguez|G Sony,TE LO AGRADEZCO,ARDL12600009,8721465606980.0,2026-01-24 00:00:00,2026.0,fuga,NO,x
La Juntada De Los Artistas|Candu Dominguez|G Sony,CANDU DOMINGUEZ x G SONY / Enganchado en Vivo en LA JUNTADA DE LOS ARTISTAS,La Juntada De Los Artistas|Candu Dominguez|G Sony,MI BUEN AMOR,ARDL12600010,8721465606980.0,2026-01-24 00:00:00,2026.0,fuga,NO,x
La Juntada De Los Artistas|Candu Dominguez|G Sony,CANDU DOMINGUEZ x G SONY / Enganchado en Vivo en LA JUNTADA DE LOS ARTISTAS,La Juntada De Los Artistas|Candu Dominguez|G Sony,IMPRO EN LA JUNTADA #1,ARDL12600011,8721465606980.0,2026-01-24 00:00:00,2026.0,fuga,NO,x
Sector Nine,SUGAR,Sector Nine,SUGAR,ARDL12600012,8721465636321.0,2026-01-30 00:00:00,2026.0,fuga,NO,
Sector Nine,SUGAR - SLOWED,Sector Nine,SUGAR - SLOWED,ARDL12600013,8721465636321.0,2026-01-30 00:00:00,2026.0,fuga,NO,
Sector Nine,INI INI,Sector Nine,INI INI,ARDL12600014,8721465636383.0,2026-01-30 00:00:00,2026.0,fuga,NO,
Sector Nine,INI INI - SLOWED,Sector Nine,INI INI - SLOWED,ARDL12600015,8721465636383.0,2026-01-30 00:00:00,2026.0,fuga,NO,
Sector Nine|Fakez,TRIAGEM,Sector Nine|Fakez,TRIAGEM,ARDL12600016,8721465636420.0,2026-01-29 00:00:00,2026.0,fuga,NO,
Sector Nine|Fakez,TRIAGEM - SLOWED,Sector Nine|Fakez,TRIAGEM - SLOWED,ARDL12600017,8721465636420.0,2026-01-29 00:00:00,2026.0,fuga,NO,
La Juntada De Los Artistas|G Sony,G SONY / Enganchado en Vivo en LA JUNTADA DE LOS ARTISTAS,La Juntada De Los Artistas|G Sony,Veneno de Serpiente,ARL2P2500320,789556228853.0,2025-11-25 00:00:00,2025.0,ada,NO,x
La Juntada De Los Artistas|G Sony,G SONY / Enganchado en Vivo en LA JUNTADA DE LOS ARTISTAS,La Juntada De Los Artistas|G Sony,Tendrás Que Llorar,ARL2P2500321,789556228853.0,2025-11-25 00:00:00,2025.0,ada,NO,x
La Juntada De Los Artistas|G Sony,G SONY / Enganchado en Vivo en LA JUNTADA DE LOS ARTISTAS,La Juntada De Los Artistas|G Sony,Engualichao,ARL2P2500322,789556228853.0,2025-11-25 00:00:00,2025.0,ada,NO,x
La Juntada De Los Artistas|G Sony,G SONY / Enganchado en Vivo en LA JUNTADA DE LOS ARTISTAS,La Juntada De Los Artistas|G Sony,Angelito,ARL2P2500323,789556228853.0,2025-11-25 00:00:00,2025.0,ada,NO,x
La Juntada De Los Artistas|G Sony,G SONY / Enganchado en Vivo en LA JUNTADA DE LOS ARTISTAS,La Juntada De Los Artistas|G Sony,Voy a Olvidarme de Mí,ARL2P2500324,789556228853.0,2025-11-25 00:00:00,2025.0,ada,NO,x
La Juntada De Los Artistas|G Sony,G SONY / Enganchado en Vivo en LA JUNTADA DE LOS ARTISTAS,La Juntada De Los Artistas|G Sony,Punto Final,ARL2P2500325,789556228853.0,2025-11-25 00:00:00,2025.0,ada,NO,x
Dj Plaga|John Eric,Bailoteteo,Dj Plaga|John Eric,Bailoteteo,QZGLM2513339,790092761278.0,2025-02-06 00:00:00,2025.0,fuga,NO,x
LAALODJ|sheafiell|Simo Viani,KANDELA RKT,LAALODJ|sheafiell|Simo Viani,KANDELA RKT,ARDL12600018,8721465703382.0,2026-02-04 00:00:00,2026.0,fuga,NO,x
mamiyosoyelth|Dj Plaga,PERREO TH 8,mamiyosoyelth|Dj Plaga,PERREO TH 8,ARDL12600019,8721465713350.0,2026-02-05 00:00:00,2026.0,fuga,NO,x
Gusty dj|Candu Domínguez|G Sony,Dos Corazones,Gusty dj|Candu Domínguez|G Sony,Dos Corazones,ARDL12600020,8721465910940.0,2026-02-13 00:00:00,2026.0,fuga,NO,x
Dj Plaga|HDR|L-Gante|Ecko,Capaz No Vuelvo Remix,Dj Plaga|HDR|L-Gante|Ecko,Capaz No Vuelvo Remix,ARDL12600021,8721465958249.0,2026-02-19 00:00:00,2026.0,fuga,NO,x
DIEYCO featuring Dj Plaga,La Difícil,DIEYCO featuring Dj Plaga,La Difícil,ARDL12600022,8721465977264.0,2026-02-21 00:00:00,2026.0,fuga,NO,x
Nicole Fernandez|Pablito HC|Fak,No es Cierto,Nicole Fernandez|Pablito HC|Fak,No es Cierto,QT5M52698541,672079088588.0,2026-03-05 00:00:00,2026.0,soundon,NO,x
La Juntada De Los Artistas|Soffia Philo|Onda Sabanera,Mi Viejo,La Juntada De Los Artistas|Soffia Philo|Onda Sabanera,Mi Viejo,ARDL12600027,8721465989106.0,2026-02-20 00:00:00,2026.0,fuga,NO,x
La Juntada De Los Artistas|Tizishi,TIZISHI / Enganchado En Vivo en LA JUNTADA DE LOS ARTISTAS,La Juntada De Los Artistas|Tizishi,Lento,ARDL12600024,8721465988741.0,2026-02-20 00:00:00,2026.0,fuga,NO,x
La Juntada De Los Artistas|Tizishi,TIZISHI / Enganchado En Vivo en LA JUNTADA DE LOS ARTISTAS,La Juntada De Los Artistas|Tizishi,Historia de un Amor,ARDL12600025,8721465988741.0,2026-02-20 00:00:00,2026.0,fuga,NO,x
La Juntada De Los Artistas|Tizishi,TIZISHI / Enganchado En Vivo en LA JUNTADA DE LOS ARTISTAS,La Juntada De Los Artistas|Tizishi,Regálame Otra Noche,ARDL12600026,8721465988741.0,2026-02-20 00:00:00,2026.0,fuga,NO,x
La Juntada De Los Artistas|Tizishi,TIZISHI / Enganchado En Vivo en LA JUNTADA DE LOS ARTISTAS,La Juntada De Los Artistas|Tizishi,"Música, Birrita y Sol",ARDL12600027,8721465988741.0,2026-02-20 00:00:00,2026.0,fuga,NO,x
ACIT x featuring Gusty dj,Pendeja,ACIT x featuring Gusty dj,Pendeja,ARDL12600028,8721466047027.0,2026-02-25 00:00:00,2026.0,fuga,NO,x
Natalia Soledad,Soy Un Milagro,Natalia Soledad,Soy Un Milagro,ARDL12600036,8721466069883.0,2026-03-04 00:00:00,2026.0,fuga,NO,
Natalia Soledad,Zarza Arder,Natalia Soledad,Zarza Arder,ARDL12600037,8721466069920.0,2026-03-04 00:00:00,2026.0,fuga,NO,
Natalia Soledad,La Niña Que Soñé,Natalia Soledad,La Niña Que Soñé,ARDL12600038,8721466069951.0,2026-03-04 00:00:00,2026.0,fuga,NO,
La Juntada De Los Artistas|Pinky SD|Mel Ruiz,La Bella y La Bestia,La Juntada De Los Artistas|Pinky SD|Mel Ruiz,La Bella y La Bestia,ARDL12600039,8721466116556.0,2026-03-05 00:00:00,2026.0,fuga,NO,x
Estaba Aquí Pensando,ANELEY / Enganchado En Vivo en LA JUNTADA DE LOS ARTISTAS,La Juntada De Los Artistas|Aneley|Soffia Philo,Estaba Aquí Pensando,ARDL12600043,8721466148328.0,2026-03-07 00:00:00,2026.0,fuga,NO,x
Envuelto En Llamas,ANELEY / Enganchado En Vivo en LA JUNTADA DE LOS ARTISTAS,La Juntada De Los Artistas|Aneley,Envuelto En Llamas,ARDL12600040,8721466148328.0,2026-03-07 00:00:00,2026.0,fuga,NO,x
Nunca Voy a Olvidarte,ANELEY / Enganchado En Vivo en LA JUNTADA DE LOS ARTISTAS,La Juntada De Los Artistas|Aneley,Nunca Voy a Olvidarte,ARDL12600045,8721466148328.0,2026-03-07 00:00:00,2026.0,fuga,NO,x
Por Ese Hombre,ANELEY / Enganchado En Vivo en LA JUNTADA DE LOS ARTISTAS,La Juntada De Los Artistas|Aneley|Onda Sabanera,Por Ese Hombre,ARDL12600041,8721466148328.0,2026-03-07 00:00:00,2026.0,fuga,NO,x
Tu Recuerdo,ANELEY / Enganchado En Vivo en LA JUNTADA DE LOS ARTISTAS,La Juntada De Los Artistas|Aneley|Onda Sabanera,Tu Recuerdo,ARDL12600042,8721466148328.0,2026-03-07 00:00:00,2026.0,fuga,NO,x
Mi Ex Tenía Razón,ANELEY / Enganchado En Vivo en LA JUNTADA DE LOS ARTISTAS,La Juntada De Los Artistas|Aneley|Soffia Philo,Mi Ex Tenía Razón,ARDL12600044,8721466148328.0,2026-03-07 00:00:00,2026.0,fuga,NO,x
La Juntada De Los Artistas|Pinky SD|Mel Ruiz,La Bella y La Bestia,La Juntada De Los Artistas|Pinky SD|Mel Ruiz,La Bella y La Bestia,ARDL12600047,8721466221878.0,2026-03-13 00:00:00,2026.0,fuga,NO,x
La Juntada De Los Artistas|Jacinta,JACINTA / Enganchado En Vivo en LA JUNTADA DE LOS ARTISTAS,La Juntada De Los Artistas|Jacinta,Dance Monkey,ARDL12600051,8721466301204.0,2026-03-20 00:00:00,2026.0,fuga,NO,x
La Juntada De Los Artistas|Jacinta,JACINTA / Enganchado En Vivo en LA JUNTADA DE LOS ARTISTAS,La Juntada De Los Artistas|Jacinta,Chachachá,ARDL12600050,8721466301204.0,2026-03-20 00:00:00,2026.0,fuga,NO,x
La Juntada De Los Artistas|Jacinta,JACINTA / Enganchado En Vivo en LA JUNTADA DE LOS ARTISTAS,La Juntada De Los Artistas|Jacinta,El Sol No Regresa,ARDL12600053,8721466301204.0,2026-03-20 00:00:00,2026.0,fuga,NO,x
La Juntada De Los Artistas|Jacinta,JACINTA / Enganchado En Vivo en LA JUNTADA DE LOS ARTISTAS,La Juntada De Los Artistas|Jacinta,Disfruto,ARDL12600052,8721466301204.0,2026-03-20 00:00:00,2026.0,fuga,NO,x
La Juntada De Los Artistas|Jacinta,JACINTA / Enganchado En Vivo en LA JUNTADA DE LOS ARTISTAS,La Juntada De Los Artistas|Jacinta,Los Caminos de la Vida,ARDL12600049,8721466301204.0,2026-03-20 00:00:00,2026.0,fuga,NO,x
La Juntada De Los Artistas|Jacinta,JACINTA / Enganchado En Vivo en LA JUNTADA DE LOS ARTISTAS,La Juntada De Los Artistas|Jacinta|TOBIKA,Tú Me Dejaste De Querer,ARDL12600054,8721466301204.0,2026-03-20 00:00:00,2026.0,fuga,NO,x
mamiyosoyelth|Guarra|Lihueeel|Cloud Musick,PERREO TO TOMA,mamiyosoyelth|Guarra|Lihueeel|Cloud Musick,PERREO TO TOMA,ARDL12600056,8721466301402.0,2026-03-20 00:00:00,2026.0,fuga,NO,x
Los Anormales|El Turko,UN BOTÓN,Los Anormales|El Turko,UN BOTÓN,ARDL12600055,8721466301365.0,2026-03-26 00:00:00,2026.0,fuga,NO,x
La Juntada De Los Artistas|Flor Alvarez,FLOR ALVAREZ / Enganchado En Vivo en LA JUNTADA DE LOS ARTISTAS,La Juntada De Los Artistas|Flor Alvarez,El Amor de Mi Vida,ARDL12600057,8721466310213.0,2026-03-21 00:00:00,2026.0,fuga,NO,x
La Juntada De Los Artistas|Flor Alvarez,FLOR ALVAREZ / Enganchado En Vivo en LA JUNTADA DE LOS ARTISTAS,La Juntada De Los Artistas|Flor Alvarez,Sin Querer,ARDL12600060,8721466310213.0,2026-03-21 00:00:00,2026.0,fuga,NO,x
La Juntada De Los Artistas|Flor Alvarez,FLOR ALVAREZ / Enganchado En Vivo en LA JUNTADA DE LOS ARTISTAS,La Juntada De Los Artistas|Flor Alvarez,Página De Ex,ARDL12600059,8721466310213.0,2026-03-21 00:00:00,2026.0,fuga,NO,x
La Juntada De Los Artistas|Flor Alvarez,FLOR ALVAREZ / Enganchado En Vivo en LA JUNTADA DE LOS ARTISTAS,La Juntada De Los Artistas|Flor Alvarez,Llamada Perdida,ARDL12600062,8721466310213.0,2026-03-21 00:00:00,2026.0,fuga,NO,x
La Juntada De Los Artistas|Flor Alvarez,FLOR ALVAREZ / Enganchado En Vivo en LA JUNTADA DE LOS ARTISTAS,La Juntada De Los Artistas|Flor Alvarez,Tattoo,ARDL12600061,8721466310213.0,2026-03-21 00:00:00,2026.0,fuga,NO,x
CamiRA,Equivocada,CamiRA,Equivocada,ARDL12600075,8721466397078.0,2026-04-03 00:00:00,2026.0,fuga,NO,x
Franco Arroyo,Por el contrario,Franco Arroyo,Por el contrario,AR5162400014,637902534212.0,2024-06-16 00:00:00,2024.0,fuga,NO,
Franco Arroyo,Y Volveras,Franco Arroyo,Y Volveras,ARED11700001,1827849417191.0,2017-09-20 00:00:00,2017.0,fuga,NO,
Franco Arroyo,Y Volveras,Franco Arroyo,Dame Una Oportunidad,ARED11700002,1827849417191.0,2017-09-20 00:00:00,2017.0,fuga,NO,
Franco Arroyo,Y Volveras,Franco Arroyo,Hoy Tengo Ganas De Tí,ARED11700003,1827849417191.0,2017-09-20 00:00:00,2017.0,fuga,NO,
Franco Arroyo,Y Volveras,Franco Arroyo,Me Estoy Volviendo Loco,ARED11700004,1827849417191.0,2017-09-20 00:00:00,2017.0,fuga,NO,
Franco Arroyo,Y Volveras,Franco Arroyo,No Quiero Más,ARED11700005,1827849417191.0,2017-09-20 00:00:00,2017.0,fuga,NO,
Franco Arroyo,Y Volveras,Franco Arroyo,"Perdón, Perdón",ARED11700006,1827849417191.0,2017-09-20 00:00:00,2017.0,fuga,NO,
Franco Arroyo,Y Volveras,Franco Arroyo,Después De Amarte,ARED11700007,1827849417191.0,2017-09-20 00:00:00,2017.0,fuga,NO,
Franco Arroyo,Y Volveras,Franco Arroyo,Yo Te Pido Ahora,ARED11700008,1827849417191.0,2017-09-20 00:00:00,2017.0,fuga,NO,
Franco Arroyo,Otra noche sin ti,Franco Arroyo,Otra noche sin ti,AR5162400016,615402213974.0,2024-11-30 00:00:00,2024.0,fuga,NO,
Franco Arroyo,Asi era ella (Cover),Franco Arroyo,Asi era ella (Cover),AR5162400015,615402380812.0,2024-09-20 00:00:00,2024.0,fuga,NO,
Franco Arroyo,Esencia,Franco Arroyo,Herida,AR5161800014,634438032366.0,2019-04-05 00:00:00,2019.0,fuga,NO,
Franco Arroyo,Esencia,Franco Arroyo,Como lo hizo,AR5161800015,634438032366.0,2019-04-05 00:00:00,2019.0,fuga,NO,
Franco Arroyo,Esencia,Franco Arroyo,El liston de tu pelo,AR5161800016,634438032366.0,2019-04-05 00:00:00,2019.0,fuga,NO,
Franco Arroyo,Esencia,Franco Arroyo,Me volví a acordar de ti,AR5161800017,634438032366.0,2019-04-05 00:00:00,2019.0,fuga,NO,
Franco Arroyo,Tu eres la razón,Franco Arroyo,Tu eres la razón,AR5161800018,645760122144.0,2019-11-04 00:00:00,2019.0,fuga,NO,
Franco Arroyo,Nunca Imaginé,Franco Arroyo,Nunca Imaginé,AR5161800019,683489998893.0,2021-07-09 00:00:00,2021.0,fuga,NO,
Franco Arroyo,El Mismo,Franco Arroyo,Pienso en ti,AR5161700001,742832886888.0,2017-01-01 00:00:00,2017.0,fuga,NO,
Franco Arroyo,El Mismo,Franco Arroyo,Vete de Aquí,AR5161700002,742832886888.0,2017-01-01 00:00:00,2017.0,fuga,NO,
Franco Arroyo,El Mismo,Franco Arroyo,Sacarte de mi Mente,AR5161700003,742832886888.0,2017-01-01 00:00:00,2017.0,fuga,NO,
Franco Arroyo,El Mismo,Franco Arroyo,No Quero Mas,AR5161700004,742832886888.0,2017-01-01 00:00:00,2017.0,fuga,NO,
Franco Arroyo,El Mismo,Franco Arroyo,Te Llamé,AR5161700005,742832886888.0,2017-01-01 00:00:00,2017.0,fuga,NO,
Franco Arroyo,El Mismo,Franco Arroyo,Me Estoy volviendo Loco,AR5161700006,742832886888.0,2017-01-01 00:00:00,2017.0,fuga,NO,
Franco Arroyo,El Mismo,Franco Arroyo,Perdón Perdón,AR5161700011,742832886888.0,2017-01-01 00:00:00,2017.0,fuga,NO,
Franco Arroyo,El Mismo,Franco Arroyo,Y Volverás,AR5161700007,742832886888.0,2017-01-01 00:00:00,2017.0,fuga,NO,
Franco Arroyo,El Mismo,Franco Arroyo,Hoy Tengo Ganas de Ti,AR5161700012,742832886888.0,2017-01-01 00:00:00,2017.0,fuga,NO,
Franco Arroyo,El Mismo,Franco Arroyo,Dame Una Oportunidad,AR5161700008,742832886888.0,2017-01-01 00:00:00,2017.0,fuga,NO,
Franco Arroyo,El Mismo,Franco Arroyo,Después de Amarnos,AR5161700009,742832886888.0,2017-01-01 00:00:00,2017.0,fuga,NO,
Franco Arroyo,El Mismo,Franco Arroyo,Dile a El,AR5161700013,742832886888.0,2017-01-01 00:00:00,2017.0,fuga,NO,
Franco Arroyo,El Mismo,Franco Arroyo,Yo Te Pido,AR5161700010,742832886888.0,2017-01-01 00:00:00,2017.0,fuga,NO,
La Juntada De Los Artistas|Candu Dominguez|G Sony,Hoy Tengo Ganas De Ti (Live),La Juntada De Los Artistas|Candu Dominguez|G Sony,Hoy Tengo Ganas De Ti (Live),BK4DA2632805,8718521191672.0,2026-04-21 00:00:00,2026.0,ada,NO,x
La Juntada De Los Artistas|Valentina Olguin,VALENTINA OLGUIN / Enganchado En Vivo en LA JUNTADA DE LOS ARTISTAS,La Juntada De Los Artistas|Valentina Olguin,Piel a Piel,BK4DA2632837,8718521191870.0,2026-04-23 00:00:00,2026.0,ada,NO,x
La Juntada De Los Artistas|Valentina Olguin,VALENTINA OLGUIN / Enganchado En Vivo en LA JUNTADA DE LOS ARTISTAS,La Juntada De Los Artistas|Valentina Olguin,Baila Morena,BK4DA2632838,8718521191870.0,2026-04-23 00:00:00,2026.0,ada,NO,x
La Juntada De Los Artistas|Valentina Olguin,VALENTINA OLGUIN / Enganchado En Vivo en LA JUNTADA DE LOS ARTISTAS,La Juntada De Los Artistas|Valentina Olguin,Lejos,BK4DA2632839,8718521191870.0,2026-04-23 00:00:00,2026.0,ada,NO,x
La Juntada De Los Artistas|Valentina Olguin,VALENTINA OLGUIN / Enganchado En Vivo en LA JUNTADA DE LOS ARTISTAS,La Juntada De Los Artistas|Valentina Olguin,Admítelo,BK4DA2632840,8718521191870.0,2026-04-23 00:00:00,2026.0,ada,NO,x
La Juntada De Los Artistas|Valentina Olguin,VALENTINA OLGUIN / Enganchado En Vivo en LA JUNTADA DE LOS ARTISTAS,La Juntada De Los Artistas|Valentina Olguin,No Vayas a Llorar,BK4DA2632841,8718521191870.0,2026-04-23 00:00:00,2026.0,ada,NO,x
La Juntada De Los Artistas|Valentina Olguin,VALENTINA OLGUIN / Enganchado En Vivo en LA JUNTADA DE LOS ARTISTAS,La Juntada De Los Artistas|Valentina Olguin,Aventura,BK4DA2632842,8718521191870.0,2026-04-23 00:00:00,2026.0,ada,NO,x
La Juntada De Los Artistas|Meli Gimenez,MELI GIMENEZ / Enganchado En Vivo en LA JUNTADA DE LOS ARTISTAS,La Juntada De Los Artistas|Meli Gimenez,No Queda Nada,BK4DA2632806,8718521191726.0,2026-04-25 00:00:00,2026.0,ada,NO,x
La Juntada De Los Artistas|Meli Gimenez,MELI GIMENEZ / Enganchado En Vivo en LA JUNTADA DE LOS ARTISTAS,La Juntada De Los Artistas|Meli Gimenez,Él Me Mintió,BK4DA2632807,8718521191726.0,2026-04-25 00:00:00,2026.0,ada,NO,x
La Juntada De Los Artistas|Meli Gimenez,MELI GIMENEZ / Enganchado En Vivo en LA JUNTADA DE LOS ARTISTAS,La Juntada De Los Artistas|Meli Gimenez,Sola Otra Vez,BK4DA2632808,8718521191726.0,2026-04-25 00:00:00,2026.0,ada,NO,x
FACUU DJ|Issa The Kid,Oro y Platino,FACUU DJ|Issa The Kid,Oro y Platino,ARDL12600076,8721466765365.0,2026-04-23 00:00:00,2026.0,fuga,NO,x
Franco Arroyo,Tattoo,Franco Arroyo,Tattoo,ARDL12600077,8721466768113.0,2026-04-30 00:00:00,2026.0,fuga,NO,x
La Juntada De Los Artistas|Sofi B,SOFI B / Enganchado En Vivo en LA JUNTADA DE LOS ARTISTAS,La Juntada De Los Artistas|Sofi B,No Sé Vivir Si No Es Contigo (Without You),BK4DA2634548,8718521211820.0,2026-04-27 00:00:00,2026.0,ada,NO,x
La Juntada De Los Artistas|Sofi B,SOFI B / Enganchado En Vivo en LA JUNTADA DE LOS ARTISTAS,La Juntada De Los Artistas|Sofi B,Pudiste Ser Mejor (Rolling in the Deep),BK4DA2634549,8718521211820.0,2026-04-27 00:00:00,2026.0,ada,NO,x
G Sony,Angelito,G Sony,Angelito,QZTAT2418517,199538444230.0,2024-07-31 00:00:00,2024,ada,NO,x
G Sony,¿Cómo Hicimos?,G Sony,¿Cómo Hicimos?,QZWFE2416387,199538425765.0,2024-09-19 00:00:00,2024,ada,NO,x
G Sony | Babi |OCTO,La Última Vez,G Sony | Babi |OCTO,La Última Vez,ESA012011724,199538411133.0,2020-02-14 00:00:00,2020,ada,NO,x
G Sony | OCTO,Lágrimas,G Sony | OCTO,Lágrimas,ESA011963258,199538331349.0,2019-09-25 00:00:00,2019,ada,NO,x
G Sony,Masoquista,G Sony,Masoquista,QZES52486380,199538416770.0,2024-02-22 00:00:00,2024,ada,NO,x
G Sony | Los Agüero | gonza maza,Me Siento Solo,G Sony | Los Agüero | gonza maza,Me Siento Solo,QZZ772448243,199538399325.0,2024-11-08 00:00:00,2024,ada,NO,x
G Sony | Mks,Me Vas a Extrañar,G Sony | Mks,Me Vas a Extrañar,QZTB82458696,199538410341.0,2024-09-04 00:00:00,2024,ada,NO,x
G Sony | La K'onga,Punto Final,G Sony | La K'onga,Punto Final,ARN5H2500003,199538932690.0,2025-10-16 00:00:00,2025,ada,NO,x
G Sony,Tiempo de Valientes,G Sony,Tiempo de Valientes,QZK6K2457956,199538449600.0,2024-05-01 00:00:00,2024,ada,NO,x
G Sony,Engualichao,G Sony,Engualichao,ARN5H2500001,199538644531.0,2025-09-18 00:00:00,2025,ada,NO,x
G Sony,Hay Cosas Peores,G Sony,Hay Cosas Peores,ARN5H2500006,199806457993.0,2025-11-27 00:00:00,2025,ada,NO,x
G Sony | OCTO,Punto Final,G Sony | OCTO,Punto Final,ESA011840980,199538389494.0,2019-12-20 00:00:00,2019,ada,NO,x
La Juntada De Los Artistas|Rodrigo Tapari,RODRIGO TAPARI / Enganchado En Vivo en LA JUNTADA DE LOS ARTISTAS,La Juntada De Los Artistas|Rodrigo Tapari,Me Gusta Todo De Ti,BK4DA2635619,8718521252618.0,2026-04-30 00:00:00,2026.0,ada,NO,x
La Juntada De Los Artistas|Rodrigo Tapari,RODRIGO TAPARI / Enganchado En Vivo en LA JUNTADA DE LOS ARTISTAS,La Juntada De Los Artistas|Rodrigo Tapari,Y Para Qué Sufrir,BK4DA2635620,8718521252618.0,2026-04-30 00:00:00,2026.0,ada,NO,x
La Juntada De Los Artistas|Rodrigo Tapari,RODRIGO TAPARI / Enganchado En Vivo en LA JUNTADA DE LOS ARTISTAS,La Juntada De Los Artistas|Rodrigo Tapari,Y Cómo Es Él,BK4DA2635621,8718521252618.0,2026-04-30 00:00:00,2026.0,ada,NO,x
La Juntada De Los Artistas|Rodrigo Tapari,RODRIGO TAPARI / Enganchado En Vivo en LA JUNTADA DE LOS ARTISTAS,La Juntada De Los Artistas|Rodrigo Tapari,Es Tan Grande Este Amor,BK4DA2635622,8718521252618.0,2026-04-30 00:00:00,2026.0,ada,NO,x
La Juntada De Los Artistas|Rodrigo Tapari,RODRIGO TAPARI / Enganchado En Vivo en LA JUNTADA DE LOS ARTISTAS,La Juntada De Los Artistas|Rodrigo Tapari,Una Cerveza,BK4DA2635623,8718521252618.0,2026-04-30 00:00:00,2026.0,ada,NO,x
La Juntada De Los Artistas|Rodrigo Tapari,RODRIGO TAPARI / Enganchado En Vivo en LA JUNTADA DE LOS ARTISTAS,La Juntada De Los Artistas|Rodrigo Tapari,No Te Vayas,BK4DA2635624,8718521252618.0,2026-04-30 00:00:00,2026.0,ada,NO,x
La Juntada De Los Artistas|Rodrigo Tapari,RODRIGO TAPARI / Enganchado En Vivo en LA JUNTADA DE LOS ARTISTAS,La Juntada De Los Artistas|Rodrigo Tapari,Fue Difícil,BK4DA2635625,8718521252618.0,2026-04-30 00:00:00,2026.0,ada,NO,x
La Juntada De Los Artistas|Rodrigo Tapari,RODRIGO TAPARI / Enganchado En Vivo en LA JUNTADA DE LOS ARTISTAS,La Juntada De Los Artistas|Rodrigo Tapari,Cómo Te Voy A Olvidar,BK4DA2635626,8718521252618.0,2026-04-30 00:00:00,2026.0,ada,NO,x
Dj Plaga|Mc Leléto|Chaki Bley|Ezequiel Matthysse,Vai Toma,Dj Plaga|Mc Leléto|Chaki Bley|Ezequiel Matthysse,Vai Toma,ARDL12600094,8721466864624.0,2026-04-30 00:00:00,2026.0,fuga,NO,x
LIT killah|Paulo Londra|KHEA|Ramma,Si Te Vas - Remix,LIT killah|Paulo Londra|KHEA|Ramma,Si Te Vas - Remix,ARDL12600078,8718521254223.0,2026-05-14 00:00:00,2026.0,ada,NO,x
Aneley,Tú Me Dejaste De Querer / Cinta Roja / Hoy La Vi Pasar,Aneley,Tú Me Dejaste De Querer / Cinta Roja / Hoy La Vi Pasar,ARDL12600096,47752914520.0,2026-05-07 00:00:00,2026.0,soundon,NO,x
La Juntada De Los Artistas|Sofi B,Chiquitita / Yo Te Amo Aún (Still Loving You),La Juntada De Los Artistas|Sofi B,Chiquitita,BK4DA2636547,8718521287825.0,2026-05-11 00:00:00,2026.0,ada,NO,x
La Juntada De Los Artistas|Sofi B,Chiquitita / Yo Te Amo Aún (Still Loving You),La Juntada De Los Artistas|Sofi B,Yo Te Amo Aún (Still Loving You),BK4DA2636548,8718521287825.0,2026-05-11 00:00:00,2026.0,ada,NO,x
La Juntada De Los Artistas|ZHAE,ZHAE / Enganchado En Vivo en LA JUNTADA DE LOS ARTISTAS,La Juntada De Los Artistas|ZHAE,Mi Soledad y Yo,BK4DA2636544,8718521287801.0,2026-05-09 00:00:00,2026.0,ada,NO,x
La Juntada De Los Artistas|ZHAE,ZHAE / Enganchado En Vivo en LA JUNTADA DE LOS ARTISTAS,La Juntada De Los Artistas|ZHAE,Mujer Amante,BK4DA2636545,8718521287801.0,2026-05-09 00:00:00,2026.0,ada,NO,x
La Juntada De Los Artistas|ZHAE,ZHAE / Enganchado En Vivo en LA JUNTADA DE LOS ARTISTAS,La Juntada De Los Artistas|ZHAE,Prisionero,BK4DA2636546,8718521287801.0,2026-05-09 00:00:00,2026.0,ada,NO,x
La Juntada De Los Artistas|Camila Mercado,CAMILA MERCADO / Enganchado En Vivo en LA JUNTADA DE LOS ARTISTAS,La Juntada De Los Artistas|Camila Mercado,Tres Noches,NL8RL2645441,8721466916514.0,2026-05-07 00:00:00,2026.0,fuga,NO,x
La Juntada De Los Artistas|Camila Mercado,CAMILA MERCADO / Enganchado En Vivo en LA JUNTADA DE LOS ARTISTAS,La Juntada De Los Artistas|Camila Mercado,"Alpiste, Perdiste",NL8RL2645443,8721466916514.0,2026-05-07 00:00:00,2026.0,fuga,NO,x
La Juntada De Los Artistas|Camila Mercado,CAMILA MERCADO / Enganchado En Vivo en LA JUNTADA DE LOS ARTISTAS,La Juntada De Los Artistas|Camila Mercado,Por Él,NL8RL2645442,8721466916514.0,2026-05-07 00:00:00,2026.0,fuga,NO,x
Sin Guión|Nicole Fernández|Mel Ruíz|NHAY featuring Antho Mattei,"SIN GUIÓN #1 - Nicole Fernández, Antho Mattei, Mel Ruiz, NHAY (feat. Antho Mattei)",Sin Guión|Nicole Fernández|Mel Ruíz|NHAY featuring Antho Mattei,Sueños Rotos (feat. Antho Mattei),BK4DA2638054,8718521321505.0,2026-05-14 00:00:00,2026.0,ada,NO,x
Sin Guión|Nicole Fernández|Mel Ruíz|NHAY featuring Antho Mattei,"SIN GUIÓN #1 - Nicole Fernández, Antho Mattei, Mel Ruiz, NHAY (feat. Antho Mattei)",Sin Guión|Nicole Fernández|Mel Ruíz|NHAY featuring Antho Mattei,Mi Todo (feat. Antho Mattei),BK4DA2638049,8718521321505.0,2026-05-14 00:00:00,2026.0,ada,NO,x
Sin Guión|Nicole Fernández|Mel Ruíz|NHAY featuring Antho Mattei,"SIN GUIÓN #1 - Nicole Fernández, Antho Mattei, Mel Ruiz, NHAY (feat. Antho Mattei)",Sin Guión|Nicole Fernández|Mel Ruíz|NHAY featuring Antho Mattei,Aunque Sea En Otra Vida (feat. Antho Mattei),BK4DA2638050,8718521321505.0,2026-05-14 00:00:00,2026.0,ada,NO,x
Sin Guión|Nicole Fernández|Mel Ruíz|NHAY featuring Antho Mattei,"SIN GUIÓN #1 - Nicole Fernández, Antho Mattei, Mel Ruiz, NHAY (feat. Antho Mattei)",Sin Guión|Nicole Fernández|Mel Ruíz|NHAY featuring Antho Mattei,Ya Te Olvidé (feat. Antho Mattei),BK4DA2638051,8718521321505.0,2026-05-14 00:00:00,2026.0,ada,NO,x
Sin Guión|Nicole Fernández|Mel Ruíz|NHAY featuring Antho Mattei,"SIN GUIÓN #1 - Nicole Fernández, Antho Mattei, Mel Ruiz, NHAY (feat. Antho Mattei)",Sin Guión|Nicole Fernández|Mel Ruíz|NHAY featuring Antho Mattei,Ponernos De Acuerdo (feat. Antho Mattei),BK4DA2638052,8718521321505.0,2026-05-14 00:00:00,2026.0,ada,NO,x
Sin Guión|Nicole Fernández|Mel Ruíz|NHAY featuring Antho Mattei,"SIN GUIÓN #1 - Nicole Fernández, Antho Mattei, Mel Ruiz, NHAY (feat. Antho Mattei)",Sin Guión|Nicole Fernández|Mel Ruíz|NHAY featuring Antho Mattei,Corazón Salvaje (feat. Antho Mattei),BK4DA2638053,8718521321505.0,2026-05-14 00:00:00,2026.0,ada,NO,x
Aneley|Onda Sabanera,Esta Cumbia,Aneley|Onda Sabanera,Esta Cumbia,QT8BV2689500,5063963964524.0,2026-05-21 00:00:00,2026.0,soundon,NO,x
mamiyosoyelth,PERREO TICKET,mamiyosoyelth,PERREO TICKET,ARDL12600097,8721555044371.0,2026-05-14 00:00:00,2026.0,fuga,NO,x
Titan 13|NAKING NK|DJ LS,NOSOTROS,Titan 13|NAKING NK|DJ LS,NOSOTROS,ARDL12600098,8721555081963.0,2026-05-23 00:00:00,2026.0,fuga,NO,x
G Sony,Rompiendo el silencio,G Sony,Rompiendo el silencio,ESA012066348,198079059774.0,2020-06-12 00:00:00,2026.0,ada,NO,x
Bianca Lif,Barrilete Cósmico,Bianca Lif,Barrilete Cósmico,ARDL12600099,8721555082656.0,2026-05-21 00:00:00,2026.0,fuga,NO,x
Bianca Lif,Oíd Mortales,Bianca Lif,Barrilete Cósmico,ARDL12600099,8721555082557.0,2026-06-04 00:00:00,2026.0,fuga,NO,x
Bianca Lif,Oíd Mortales,Bianca Lif,Track 2,ARDL12600100,8721555082557.0,2026-06-04 00:00:00,2026.0,fuga,NO,x
Bianca Lif,Oíd Mortales,Bianca Lif,Track 3,ARDL12600101,8721555082557.0,2026-06-04 00:00:00,2026.0,fuga,NO,x
Bianca Lif,Oíd Mortales,Bianca Lif,Track 4,ARDL12600102,8721555082557.0,2026-06-04 00:00:00,2026.0,fuga,NO,x
Elian G|mamiyosoyelth,SE ME PEGA,Elian G|mamiyosoyelth,SE ME PEGA,QZWFT2424478,198881458734.0,2024-10-19 00:00:00,2024.0,fuga,NO,x
G Sony|La Kuppe,Karma,G Sony|La Kuppe,Karma,BK4DA2656050,1200214203306.0,2026-05-29 00:00:00,2026.0,ada,NO,x
Gusty dj|Alejo Isakk|Loyaltty,Alerta,Gusty dj|Alejo Isakk|Loyaltty,Alerta,BK4DA2658121,1200214283063.0,2026-06-25 00:00:00,2026.0,ada,NO,x
G Sony|Q' Lokura|Damaris,Fui Nada,G Sony|Q' Lokura|Damaris,Fui Nada,BK4DA2658122,1200214283056.0,2026-06-19 00:00:00,2026.0,ada,NO,x
La Juntada de Los Artistas|Cumbia Rocha,Todo Ke Ver,La Juntada de Los Artistas|Cumbia Rocha,Todo Ke Ver,BK4DA2658497,1200214301231.0,2026-06-11 00:00:00,2026.0,ada,NO,
La Juntada de Los Artistas|Candu Dominguez,Tu Falte De Querer / La Gata Bajo La Lluvia (En Vivo en C Art Media),La Juntada de Los Artistas|Candu Dominguez,Tu Falte De Querer,BK4DA2658492,1200214300975.0,2026-06-09 00:00:00,2026.0,ada,NO,
La Juntada de Los Artistas|Candu Dominguez,Tu Falte De Querer / La Gata Bajo La Lluvia (En Vivo en C Art Media),La Juntada de Los Artistas|Candu Dominguez,La Gata Bajo La Lluvia,BK4DA2658493,1200214300975.0,2026-06-09 00:00:00,2026.0,ada,NO,
La Juntada de Los Artistas|Alexis Lopez,Oncemil,La Juntada de Los Artistas|Alexis Lopez,Oncemil,BK4DA2658776,1200214325336.0,2026-06-10 00:00:00,2026.0,ada,NO,
La Juntada de Los Artistas|Valentino Merlo,VALENTINO MERLO / Enganchado En Vivo en LA JUNTADA DE LOS ARTISTAS,La Juntada de Los Artistas|Valentino Merlo,Dónde Estás Corazón,BK4DA2659049,1200214329327.0,2026-06-12 00:00:00,2026.0,ada,NO,
La Juntada de Los Artistas|Valentino Merlo,VALENTINO MERLO / Enganchado En Vivo en LA JUNTADA DE LOS ARTISTAS,La Juntada de Los Artistas|Valentino Merlo,Si Un Día Estás Sola,BK4DA2659050,1200214329327.0,2026-06-12 00:00:00,2026.0,ada,NO,
La Juntada de Los Artistas|Valentino Merlo,VALENTINO MERLO / Enganchado En Vivo en LA JUNTADA DE LOS ARTISTAS,La Juntada de Los Artistas|Valentino Merlo,Tu Foto,BK4DA2659051,1200214329327.0,2026-06-12 00:00:00,2026.0,ada,NO,
La Juntada de Los Artistas|Valentino Merlo,VALENTINO MERLO / Enganchado En Vivo en LA JUNTADA DE LOS ARTISTAS,La Juntada de Los Artistas|Valentino Merlo,Hoy,BK4DA2659052,1200214329327.0,2026-06-12 00:00:00,2026.0,ada,NO,
La Juntada de Los Artistas|Valentino Merlo,VALENTINO MERLO / Enganchado En Vivo en LA JUNTADA DE LOS ARTISTAS,La Juntada de Los Artistas|Valentino Merlo,Me Voy,BK4DA2659053,1200214329327.0,2026-06-12 00:00:00,2026.0,ada,NO,
La Juntada de Los Artistas|Gaston Bez|Sofi B,No Me Ames,La Juntada de Los Artistas|Gaston Bez|Sofi B,No Me Ames,BK4DA2659101,1200214334604.0,2026-06-13 00:00:00,2026.0,ada,NO,
La Juntada de Los Artistas|,Someone Like You / Alguien Como Tú,La Juntada de Los Artistas|,Someone Like You / Alguien Como Tú,BK4DA2659110,1200214334741.0,2026-06-15 00:00:00,2026.0,ada,NO,
La Juntada de Los Artistas|,Solamente Tú,La Juntada de Los Artistas|,Solamente Tú,BK4DA2659109,1200214334673.0,2026-06-13 00:00:00,2026.0,ada,NO,
La Juntada De Los Artistas|Candu Dominguez|G Sony,Todo Lo Perdí Por Ti / Lost on You (En Vivo en C Art Media),La Juntada De Los Artistas|Candu Dominguez|G Sony,Todo Lo Perdí Por Ti / Lost on You (En Vivo en C Art Media),BK4DA2659368,1200214357726.0,2026-06-15 00:00:00,2026.0,ada,NO,
SoyTiara,Berretines al 0800,SoyTiara,Berretines al 0800,ARDL12600105,8721555447189.0,2026-06-10 00:00:00,2026.0,fuga,NO,x
La Juntada de Los Artistas|Sofi B,Always Remember Us This Way / Siempre Recordaré,La Juntada de Los Artistas|Sofi B,Always Remember Us This Way / Siempre Recordaré,BK4DA2659311,1200214346225.0,2026-06-17 00:00:00,2026.0,ada,NO,
La Juntada De Los Artistas|Candu Dominguez|G Sony,Hoy Tengo Ganas De Ti (En Vivo en C Art Media),La Juntada De Los Artistas|Candu Dominguez|G Sony,Hoy Tengo Ganas De Ti (En Vivo en C Art Media),BK4DA2659369,1200214357740.0,2026-06-16 00:00:00,2026.0,ada,NO,
La Juntada de Los Artistas|Cumbia Rocha,CUMBIA ROCHA / Enganchado En Vivo en LA JUNTADA DE LOS ARTISTAS,La Juntada de Los Artistas|Cumbia Rocha,Día de Enero,BK4DA2659291,1200214346010.0,2026-06-16 00:00:00,2026.0,ada,NO,
La Juntada de Los Artistas|Cumbia Rocha,CUMBIA ROCHA / Enganchado En Vivo en LA JUNTADA DE LOS ARTISTAS,La Juntada de Los Artistas|Cumbia Rocha,Qué Linda Te Ves,BK4DA2659292,1200214346010.0,2026-06-16 00:00:00,2026.0,ada,NO,
La Juntada de Los Artistas|Cumbia Rocha,CUMBIA ROCHA / Enganchado En Vivo en LA JUNTADA DE LOS ARTISTAS,La Juntada de Los Artistas|Cumbia Rocha,Tonto Corazón,BK4DA2659293,1200214346010.0,2026-06-16 00:00:00,2026.0,ada,NO,
La Juntada de Los Artistas|Cumbia Rocha,CUMBIA ROCHA / Enganchado En Vivo en LA JUNTADA DE LOS ARTISTAS,La Juntada de Los Artistas|Cumbia Rocha,Todo Ke Ver,BK4DA2659307,1200214346010.0,2026-06-16 00:00:00,2026.0,ada,NO,
La Juntada de Los Artistas|Cumbia Rocha,CUMBIA ROCHA / Enganchado En Vivo en LA JUNTADA DE LOS ARTISTAS,La Juntada de Los Artistas|Cumbia Rocha,Quédate,BK4DA2659295,1200214346010.0,2026-06-16 00:00:00,2026.0,ada,NO,
La Juntada de Los Artistas|Cumbia Rocha,CUMBIA ROCHA / Enganchado En Vivo en LA JUNTADA DE LOS ARTISTAS,La Juntada de Los Artistas|Cumbia Rocha,lo que hay x aquí,BK4DA2659296,1200214346010.0,2026-06-16 00:00:00,2026.0,ada,NO,
La Juntada de Los Artistas|Sofi B,Always Remember Us This Way / Siempre Recordaré,La Juntada de Los Artistas|Sofi B,Always Remember Us This Way / Siempre Recordaré,BK4DA2659311,1200214346225.0,2026-06-17 00:00:00,2026.0,ada,NO,
La Juntada de Los Artistas|Aneley|Candu Dominguez,Cosas del Amor,La Juntada de Los Artistas|Aneley|Candu Dominguez,Cosas del Amor,BK4DA2659344,1200214348779.0,2026-06-15 00:00:00,2026.0,ada,NO,
La Juntada De Los Artistas|Sofia Pavon,Recuerdo que nunca existió,La Juntada De Los Artistas|Sofia Pavon,Recuerdo que nunca existió,BK4DA2661117,1200214404192.0,2026-06-22 00:00:00,2026.0,ada,NO,
Emiliano Nahuel featuring Benji Gramitos,LOS QUE ATENTAN,Emiliano Nahuel featuring Benji Gramitos,LOS QUE ATENTAN,ARDL12600106,8721555653955.0,2026-06-24 00:00:00,2026.0,ada,NO,
La Juntada De Los Artistas|Leo Riviere,Imaginame Sin Ti / La Quiero a Morir,La Juntada De Los Artistas|Leo Riviere,Imaginame Sin Ti,BK4DA2663267,1200214437787.0,2026-07-02 00:00:00,2026.0,ada,NO,
La Juntada De Los Artistas|Leo Riviere,Imaginame Sin Ti / La Quiero a Morir,La Juntada De Los Artistas|Leo Riviere,La Quiero a Morir,BK4DA2663268,1200214437787.0,2026-07-02 00:00:00,2026.0,ada,NO,
La Juntada De Los Artistas|Sasha Belen,Vivir Así Es Morir de Amor / No Es Mi Culpa,La Juntada De Los Artistas|Sasha Belen,Vivir Así Es Morir de Amor,BK4DA2663265,1200214437718.0,2026-07-01 00:00:00,2026.0,ada,NO,
La Juntada De Los Artistas|Sasha Belen,Vivir Así Es Morir de Amor / No Es Mi Culpa,La Juntada De Los Artistas|Sasha Belen,No Es Mi Culpa,BK4DA2663266,1200214437718.0,2026-07-01 00:00:00,2026.0,ada,NO,
La Juntada De Los Artistas|Sofi B|Meli Gimenez|Sasha Belen,Mi Amor Siempre Serás Tú / I Will Always Love You,La Juntada De Los Artistas|Sofi B|Meli Gimenez|Sasha Belen,Mi Amor Siempre Serás Tú / I Will Always Love You,BK4DA2663264,1200214437640.0,2026-06-30 00:00:00,2026.0,ada,NO,
La Juntada De Los Artistas|Trío Sierra Maestra,Entre la Tierra y el Cielo,La Juntada De Los Artistas|Trío Sierra Maestra,Entre la Tierra y el Cielo,BK4DA2663263,1200214437596.0,2026-06-29 00:00:00,2026.0,ada,NO,
Nicole Fernandez,HEY DJ,Nicole Fernandez,HEY DJ,BK4DA2663257,1200214435004.0,2026-07-02 00:00:00,2026.0,ada,NO,
Thiago Santino,Tu Mi Amor,Thiago Santino,Tu Mi Amor,ARDL12600107,8721555726468.0,2026-07-10 00:00:00,2026.0,fuga,NO,
La Juntada De Los Artistas|La Roca Callejera,LA ROCA CALLEJERA / Enganchado En Vivo en LA JUNTADA DE LOS ARTISTAS,La Juntada De Los Artistas|La Roca Callejera,Te Juro Que Te Amo,BK4DA2664113,1200214463021.0,2026-07-03 00:00:00,2026.0,ada,NO,
La Juntada De Los Artistas|La Roca Callejera,LA ROCA CALLEJERA / Enganchado En Vivo en LA JUNTADA DE LOS ARTISTAS,La Juntada De Los Artistas|La Roca Callejera,Un Beso y Una Flor,BK4DA2664114,1200214463021.0,2026-07-03 00:00:00,2026.0,ada,NO,
La Juntada De Los Artistas|La Roca Callejera,LA ROCA CALLEJERA / Enganchado En Vivo en LA JUNTADA DE LOS ARTISTAS,La Juntada De Los Artistas|La Roca Callejera,Tu Cárcel,BK4DA2664115,1200214463021.0,2026-07-03 00:00:00,2026.0,ada,NO,
La Juntada De Los Artistas|La Roca Callejera,LA ROCA CALLEJERA / Enganchado En Vivo en LA JUNTADA DE LOS ARTISTAS,La Juntada De Los Artistas|La Roca Callejera,Piensa En Mí,BK4DA2664116,1200214463021.0,2026-07-03 00:00:00,2026.0,ada,NO,
La Juntada De Los Artistas|La Roca Callejera,LA ROCA CALLEJERA / Enganchado En Vivo en LA JUNTADA DE LOS ARTISTAS,La Juntada De Los Artistas|La Roca Callejera,Tanto La Quería,BK4DA2664117,1200214463021.0,2026-07-03 00:00:00,2026.0,ada,NO,
La Juntada De Los Artistas|La Roca Callejera,LA ROCA CALLEJERA / Enganchado En Vivo en LA JUNTADA DE LOS ARTISTAS,La Juntada De Los Artistas|La Roca Callejera,Lo Intentamos,BK4DA2664118,1200214463021.0,2026-07-03 00:00:00,2026.0,ada,NO,
Franco Arroyo,Ya No Vives En Mí,Franco Arroyo,Ya No Vives En Mí,BK4DA2663961,1200214457853.0,2026-07-02 00:00:00,2026.0,ada,NO,
La Juntada De Los Artistas|Salastkbron,SALASTKBRON / Enganchado En Vivo en LA JUNTADA DE LOS ARTISTAS,La Juntada De Los Artistas|Salastkbron,Dos Besitos,BK4DA2664138,1200214463137.0,2026-07-04 00:00:00,2026.0,ada,NO,
La Juntada De Los Artistas|Salastkbron,SALASTKBRON / Enganchado En Vivo en LA JUNTADA DE LOS ARTISTAS,La Juntada De Los Artistas|Salastkbron,TITAN,BK4DA2664139,1200214463137.0,2026-07-04 00:00:00,2026.0,ada,NO,
La Juntada De Los Artistas|Salastkbron,SALASTKBRON / Enganchado En Vivo en LA JUNTADA DE LOS ARTISTAS,La Juntada De Los Artistas|Salastkbron,Tal Para Cual,BK4DA2664140,1200214463137.0,2026-07-04 00:00:00,2026.0,ada,NO,
La Juntada De Los Artistas|Salastkbron,SALASTKBRON / Enganchado En Vivo en LA JUNTADA DE LOS ARTISTAS,La Juntada De Los Artistas|Salastkbron,Un Besito Más,BK4DA2664141,1200214463137.0,2026-07-04 00:00:00,2026.0,ada,NO,
La Juntada De Los Artistas|Salastkbron,SALASTKBRON / Enganchado En Vivo en LA JUNTADA DE LOS ARTISTAS,La Juntada De Los Artistas|Salastkbron,TURROMANTIKO,BK4DA2664142,1200214463137.0,2026-07-04 00:00:00,2026.0,ada,NO,
La Juntada De Los Artistas|Salastkbron,SALASTKBRON / Enganchado En Vivo en LA JUNTADA DE LOS ARTISTAS,La Juntada De Los Artistas|Salastkbron,Me Voy,BK4DA2664143,1200214463137.0,2026-07-04 00:00:00,2026.0,ada,NO,
mamiyosoyelth|Alejo Isakk|El Pesa 9|Eric Santana featuring Lihueeel and Guarra ,PERREO TE CHOKO,mamiyosoyelth|Alejo Isakk|El Pesa 9|Eric Santana featuring Lihueeel and Guarra ,PERREO TE CHOKO,ARDL12600108,8721555765481.0,2026-07-02 00:00:00,2026.0,fuga,NO,
La Juntada De Los Artistas|Sofia Pavon,Mi Vestido Azul / Mi Inmortal (My Immortal),La Juntada De Los Artistas|Sofia Pavon,Mi Vestido Azul,BK4DA2664921,1200214478414.0,2026-07-08 00:00:00,2026.0,ada,NO,
La Juntada De Los Artistas|Sofia Pavon,Mi Vestido Azul / Mi Inmortal (My Immortal),La Juntada De Los Artistas|Sofia Pavon,Mi Inmortal (My Immortal),BK4DA2664922,1200214478414.0,2026-07-08 00:00:00,2026.0,ada,NO,
La Juntada De Los Artistas|Onda Sabanera,ONDA SABANERA x LA JUNTADA DE LOS ARTISTAS (En Vivo en C Art Media),La Juntada De Los Artistas|Onda Sabanera,Matador (En Vivo en C Art Media),BK4DA2664909,1200214478261.0,2026-07-07 00:00:00,2026.0,ada,NO,
La Juntada De Los Artistas|Onda Sabanera,ONDA SABANERA x LA JUNTADA DE LOS ARTISTAS (En Vivo en C Art Media),La Juntada De Los Artistas|Onda Sabanera,Pobre Corazón (En Vivo en C Art Media),BK4DA2664910,1200214478261.0,2026-07-07 00:00:00,2026.0,ada,NO,
La Juntada De Los Artistas|Onda Sabanera,ONDA SABANERA x LA JUNTADA DE LOS ARTISTAS (En Vivo en C Art Media),La Juntada De Los Artistas|Onda Sabanera,Olvídala (En Vivo en C Art Media),BK4DA2664911,1200214478261.0,2026-07-07 00:00:00,2026.0,ada,NO,
La Juntada De Los Artistas|Onda Sabanera,ONDA SABANERA x LA JUNTADA DE LOS ARTISTAS (En Vivo en C Art Media),La Juntada De Los Artistas|Onda Sabanera,Mi Viejo (En Vivo en C Art Media),BK4DA2664912,1200214478261.0,2026-07-07 00:00:00,2026.0,ada,NO,
La Juntada De Los Artistas|Milu Almeida,MILU ALMEIDA / Enganchado En Vivo en LA JUNTADA DE LOS ARTISTAS,La Juntada De Los Artistas|Milu Almeida,Sueños Rotos,BK4DA2664886,1200214478032.0,2026-07-06 00:00:00,2026.0,ada,NO,
La Juntada De Los Artistas|Milu Almeida,MILU ALMEIDA / Enganchado En Vivo en LA JUNTADA DE LOS ARTISTAS,La Juntada De Los Artistas|Milu Almeida,Deseos de Cosas Imposibles,BK4DA2664887,1200214478032.0,2026-07-06 00:00:00,2026.0,ada,NO,
La Juntada De Los Artistas|Milu Almeida,MILU ALMEIDA / Enganchado En Vivo en LA JUNTADA DE LOS ARTISTAS,La Juntada De Los Artistas|Milu Almeida,Dejémoslo Así,BK4DA2664888,1200214478032.0,2026-07-06 00:00:00,2026.0,ada,NO,
La Juntada De Los Artistas|Milu Almeida,MILU ALMEIDA / Enganchado En Vivo en LA JUNTADA DE LOS ARTISTAS,La Juntada De Los Artistas|Milu Almeida,Inolvidable,BK4DA2664889,1200214478032.0,2026-07-06 00:00:00,2026.0,ada,NO,
DJ Plaga|Orce,Me La Josie,DJ Plaga|Orce,Me La Josie,ARDL12600109,1200214486488.0,2026-07-16 00:00:00,2026.0,ada,NO,x
Cande Gonzalez,Prime,Cande Gonzalez,Prime,ARDL12600114,1200214495992.0,2026-07-09 00:00:00,2026.0,ada,NO,x
Franco Arroyo,No te lo puedo creer,Franco Arroyo,No te lo puedo creer,ARDL12600113,1200214495978.0,2026-07-12 00:00:00,2026.0,ada,NO,
Dami Bravo|Franco Arroyo,"Mujer, Niña y Amiga",Dami Bravo|Franco Arroyo,"Mujer, Niña y Amiga",ARDL12600112,1200214495961.0,2026-07-12 00:00:00,2026.0,ada,NO,
Aneley,Supe que me amabas,Aneley,Supe que me amabas,ARDL12600111,1200214495930.0,2026-07-11 00:00:00,2026.0,ada,NO,x
Aneley|G Sony,Volveré,Aneley|G Sony,Volveré,ARDL12600110,1200214495916.0,2026-07-10 00:00:00,2026.0,ada,NO,x
La Juntada De Los Artistas|Amigo de Artistas,Amigo de Artistas / Enganchado En Vivo en LA JUNTADA DE LOS ARTISTAS,La Juntada De Los Artistas|Amigo de Artistas,Puñaladas,BK4DA2665927,1200214495879.0,2026-07-09 00:00:00,2026.0,ada,NO,
La Juntada De Los Artistas|Amigo de Artistas,Amigo de Artistas / Enganchado En Vivo en LA JUNTADA DE LOS ARTISTAS,La Juntada De Los Artistas|Amigo de Artistas,Le Hace Falta Un Beso,BK4DA2665928,1200214495879.0,2026-07-09 00:00:00,2026.0,ada,NO,
La Juntada De Los Artistas|Amigo de Artistas,Amigo de Artistas / Enganchado En Vivo en LA JUNTADA DE LOS ARTISTAS,La Juntada De Los Artistas|Amigo de Artistas,Amor Fugaz,BK4DA2665929,1200214495879.0,2026-07-09 00:00:00,2026.0,ada,NO,
Emiliano Nahuel|Nattanael,Pistolas Arriba,Emiliano Nahuel|Nattanael,Pistolas Arriba,ARDL12600115,8721555843479.0,2025-12-13 00:00:00,2025.0,fuga,NO,x
Cande Gonzalez,Prime,Cande Gonzalez,Prime,ARDL12600114,1200214495992.0,2026-07-09 00:00:00,2026.0,ada,NO,x
Maga,Mentías,Maga,Mentías,ARDL12600116,1200214602147.0,2026-07-20 00:00:00,2026.0,ada,NO,x
La Juntada De Los Artistas|Willy Campero,WILLY CAMPERO / Enganchado En Vivo en LA JUNTADA DE LOS ARTISTAS,La Juntada De Los Artistas|Willy Campero,Murmullo Descuidado (Careless Whisper),BK4DA2667531,1200214617806.0,2026-07-20 00:00:00,2026.0,ada,NO,
La Juntada De Los Artistas|Willy Campero,WILLY CAMPERO / Enganchado En Vivo en LA JUNTADA DE LOS ARTISTAS,La Juntada De Los Artistas|Willy Campero,Hotel California,BK4DA2667532,1200214617806.0,2026-07-20 00:00:00,2026.0,ada,NO,
La Juntada De Los Artistas|Willy Campero,WILLY CAMPERO / Enganchado En Vivo en LA JUNTADA DE LOS ARTISTAS,La Juntada De Los Artistas|Willy Campero,Mi Gran Amor Le Di (And I Love Her),BK4DA2667533,1200214617806.0,2026-07-20 00:00:00,2026.0,ada,NO,
La Juntada De Los Artistas|Willy Campero,WILLY CAMPERO / Enganchado En Vivo en LA JUNTADA DE LOS ARTISTAS,La Juntada De Los Artistas|Willy Campero,Me Estoy Muriendo,BK4DA2667534,1200214617806.0,2026-07-20 00:00:00,2026.0,ada,NO,
La Juntada De Los Artistas|Willy Campero,WILLY CAMPERO / Enganchado En Vivo en LA JUNTADA DE LOS ARTISTAS,La Juntada De Los Artistas|Willy Campero,Frente a Frente,BK4DA2667535,1200214617806.0,2026-07-20 00:00:00,2026.0,ada,NO,
La Juntada De Los Artistas|Willy Campero,WILLY CAMPERO / Enganchado En Vivo en LA JUNTADA DE LOS ARTISTAS,La Juntada De Los Artistas|Willy Campero,Piensa En Mí,BK4DA2667536,1200214617806.0,2026-07-20 00:00:00,2026.0,ada,NO,
La Juntada De Los Artistas|Willy Campero,WILLY CAMPERO / Enganchado En Vivo en LA JUNTADA DE LOS ARTISTAS,La Juntada De Los Artistas|Willy Campero,Hoy Mientras,BK4DA2667537,1200214617806.0,2026-07-20 00:00:00,2026.0,ada,NO,
La Juntada De Los Artistas|Willy Campero,WILLY CAMPERO / Enganchado En Vivo en LA JUNTADA DE LOS ARTISTAS,La Juntada De Los Artistas|Willy Campero,Murmullo Descuidado 2 (Careless Whisper),BK4DA2667538,1200214617806.0,2026-07-20 00:00:00,2026.0,ada,NO,
Dj Plaga|Juano Dskt,LA DANZA DE ARGENTINA,Dj Plaga|Juano Dskt,LA DANZA DE ARGENTINA,ARDL12600117,8721628605041.0,2026-07-17 00:00:00,2026.0,fuga,NO,x
La Juntada de Los Artistas|Antonio Ríos,ANTONIO RÍOS / Enganchando En Vivo en LA JUNTADA DE LOS ARTISTAS,La Juntada de Los Artistas|Antonio Ríos,Nunca Me Faltes,BK4DA2668817,1200214645199.0,2026-07-24 00:00:00,2026.0,ada,NO,
La Juntada de Los Artistas|Antonio Ríos,ANTONIO RÍOS / Enganchando En Vivo en LA JUNTADA DE LOS ARTISTAS,La Juntada de Los Artistas|Antonio Ríos,Yo Me Estoy Enamorando,BK4DA2668818,1200214645199.0,2026-07-24 00:00:00,2026.0,ada,NO,
La Juntada de Los Artistas|Antonio Ríos,ANTONIO RÍOS / Enganchando En Vivo en LA JUNTADA DE LOS ARTISTAS,La Juntada de Los Artistas|Antonio Ríos,El Maestro,BK4DA2668819,1200214645199.0,2026-07-24 00:00:00,2026.0,ada,NO,
La Juntada de Los Artistas|Antonio Ríos,ANTONIO RÍOS / Enganchando En Vivo en LA JUNTADA DE LOS ARTISTAS,La Juntada de Los Artistas|Antonio Ríos,Noche de Luna,BK4DA2668820,1200214645199.0,2026-07-24 00:00:00,2026.0,ada,NO,
La Juntada de Los Artistas|Antonio Ríos,ANTONIO RÍOS / Enganchando En Vivo en LA JUNTADA DE LOS ARTISTAS,La Juntada de Los Artistas|Antonio Ríos,Arrepiéntete,BK4DA2668821,1200214645199.0,2026-07-24 00:00:00,2026.0,ada,NO,
La Juntada de Los Artistas|Antonio Ríos,ANTONIO RÍOS / Enganchando En Vivo en LA JUNTADA DE LOS ARTISTAS,La Juntada de Los Artistas|Antonio Ríos,Mala Gata,BK4DA2668823,1200214645199.0,2026-07-24 00:00:00,2026.0,ada,NO,
La Juntada de Los Artistas|Antonio Ríos,ANTONIO RÍOS / Enganchando En Vivo en LA JUNTADA DE LOS ARTISTAS,La Juntada de Los Artistas|Antonio Ríos,Se Me Olvidó Otra Vez,BK4DA2668824,1200214645199.0,2026-07-24 00:00:00,2026.0,ada,NO,
La Juntada de Los Artistas|Antonio Ríos,ANTONIO RÍOS / Enganchando En Vivo en LA JUNTADA DE LOS ARTISTAS,La Juntada de Los Artistas|Antonio Ríos,Solitario,BK4DA2668825,1200214645199.0,2026-07-24 00:00:00,2026.0,ada,NO,
La Juntada de Los Artistas|Antonio Ríos,ANTONIO RÍOS / Enganchando En Vivo en LA JUNTADA DE LOS ARTISTAS,La Juntada de Los Artistas|Antonio Ríos,Amor Prohibido,BK4DA2668827,1200214645199.0,2026-07-24 00:00:00,2026.0,ada,NO,
06,Resiliencia,06,Resiliencia,ARDL12600118,8721628644972.0,2026-07-24 00:00:00,2026.0,fuga,NO,
La Juntada de Los Artistas|Nico Mattioli,NICO MATTIOLI / Enganchado En Vivo en LA JUNTADA DE LOS ARTISTAS,La Juntada de Los Artistas|Nico Mattioli,Amarte Así,ARDL12600119,8721628656609.0,2026-07-21 00:00:00,2026.0,fuga,NO,
La Juntada de Los Artistas|Nico Mattioli,NICO MATTIOLI / Enganchado En Vivo en LA JUNTADA DE LOS ARTISTAS,La Juntada de Los Artistas|Nico Mattioli,Aún Soy Un Romántico,ARDL12600120,8721628656609.0,2026-07-21 00:00:00,2026.0,fuga,NO,
La Juntada de Los Artistas|Nico Mattioli,NICO MATTIOLI / Enganchado En Vivo en LA JUNTADA DE LOS ARTISTAS,La Juntada de Los Artistas|Nico Mattioli,Con El No Soportas,ARDL12600121,8721628656609.0,2026-07-21 00:00:00,2026.0,fuga,NO,
La Juntada de Los Artistas|Nico Mattioli,NICO MATTIOLI / Enganchado En Vivo en LA JUNTADA DE LOS ARTISTAS,La Juntada de Los Artistas|Nico Mattioli,Conmigo Te Gustó,ARDL12600122,8721628656609.0,2026-07-21 00:00:00,2026.0,fuga,NO,
La Juntada de Los Artistas|Nico Mattioli,NICO MATTIOLI / Enganchado En Vivo en LA JUNTADA DE LOS ARTISTAS,La Juntada de Los Artistas|Nico Mattioli,Después de Ti,ARDL12600123,8721628656609.0,2026-07-21 00:00:00,2026.0,fuga,NO,
La Juntada de Los Artistas|Nico Mattioli,NICO MATTIOLI / Enganchado En Vivo en LA JUNTADA DE LOS ARTISTAS,La Juntada de Los Artistas|Nico Mattioli,Gata Malvada,ARDL12600124,8721628656609.0,2026-07-21 00:00:00,2026.0,fuga,NO,
La Juntada de Los Artistas|Nico Mattioli,NICO MATTIOLI / Enganchado En Vivo en LA JUNTADA DE LOS ARTISTAS,La Juntada de Los Artistas|Nico Mattioli,La Mujer de Mi Amigo,ARDL12600125,8721628656609.0,2026-07-21 00:00:00,2026.0,fuga,NO,
La Juntada de Los Artistas|Nico Mattioli,NICO MATTIOLI / Enganchado En Vivo en LA JUNTADA DE LOS ARTISTAS,La Juntada de Los Artistas|Nico Mattioli,Me Preocupa Sin Ti,ARDL12600126,8721628656609.0,2026-07-21 00:00:00,2026.0,fuga,NO,
La Juntada de Los Artistas|Nico Mattioli,NICO MATTIOLI / Enganchado En Vivo en LA JUNTADA DE LOS ARTISTAS,La Juntada de Los Artistas|Nico Mattioli,Quedate Tranquila,ARDL12600127,8721628656609.0,2026-07-21 00:00:00,2026.0,fuga,NO,
La Juntada de Los Artistas|Nico Mattioli,NICO MATTIOLI / Enganchado En Vivo en LA JUNTADA DE LOS ARTISTAS,La Juntada de Los Artistas|Nico Mattioli,Quiero Yo Saber,ARDL12600128,8721628656609.0,2026-07-21 00:00:00,2026.0,fuga,NO,
La Juntada de Los Artistas|Nico Mattioli,NICO MATTIOLI / Enganchado En Vivo en LA JUNTADA DE LOS ARTISTAS,La Juntada de Los Artistas|Nico Mattioli,Si Te Agarran Las Ganas,ARDL12600129,8721628656609.0,2026-07-21 00:00:00,2026.0,fuga,NO,
La Juntada de Los Artistas|Nico Mattioli,NICO MATTIOLI / Enganchado En Vivo en LA JUNTADA DE LOS ARTISTAS,La Juntada de Los Artistas|Nico Mattioli,Tan Solo Amantes,ARDL12600130,8721628656609.0,2026-07-21 00:00:00,2026.0,fuga,NO,
La Juntada de Los Artistas|Nico Mattioli,NICO MATTIOLI / Enganchado En Vivo en LA JUNTADA DE LOS ARTISTAS,La Juntada de Los Artistas|Nico Mattioli,Tramposa y Mentirosa,ARDL12600131,8721628656609.0,2026-07-21 00:00:00,2026.0,fuga,NO,
La Juntada de Los Artistas|Nico Mattioli,NICO MATTIOLI / Enganchado En Vivo en LA JUNTADA DE LOS ARTISTAS,La Juntada de Los Artistas|Nico Mattioli,Y Vete Ya,ARDL12600132,8721628656609.0,2026-07-21 00:00:00,2026.0,fuga,NO,
LIT killah,Me Dejaste Sola,LIT killah,Me Dejaste Sola,ARDL12600133,1200214659998.0,2026-07-28 00:00:00,2026.0,ada,NO,x
La Juntada De Los Artistas|El Mago y La Nueva,EL MAGO Y LA NUEVA / Enganchado En Vivo en LA JUNTADA DE LOS ARTISTAS,La Juntada De Los Artistas|El Mago y La Nueva,Estoy Tan Enamorado,BK4DA2670005,1200214673420.0,2026-07-27 00:00:00,2026.0,ada,NO,
La Juntada De Los Artistas|El Mago y La Nueva,EL MAGO Y LA NUEVA / Enganchado En Vivo en LA JUNTADA DE LOS ARTISTAS,La Juntada De Los Artistas|El Mago y La Nueva,Te Vas a Quedar Con Las Ganas,BK4DA2670006,1200214673420.0,2026-07-27 00:00:00,2026.0,ada,NO,
La Juntada De Los Artistas|El Mago y La Nueva,EL MAGO Y LA NUEVA / Enganchado En Vivo en LA JUNTADA DE LOS ARTISTAS,La Juntada De Los Artistas|El Mago y La Nueva,Me Vas a Extrañar,BK4DA2670007,1200214673420.0,2026-07-27 00:00:00,2026.0,ada,NO,
La Juntada De Los Artistas|El Mago y La Nueva,EL MAGO Y LA NUEVA / Enganchado En Vivo en LA JUNTADA DE LOS ARTISTAS,La Juntada De Los Artistas|El Mago y La Nueva,Hojita Seca,BK4DA2670008,1200214673420.0,2026-07-27 00:00:00,2026.0,ada,NO,
La Juntada De Los Artistas|El Mago y La Nueva,EL MAGO Y LA NUEVA / Enganchado En Vivo en LA JUNTADA DE LOS ARTISTAS,La Juntada De Los Artistas|El Mago y La Nueva,Y Ahora Tú,BK4DA2670009,1200214673420.0,2026-07-27 00:00:00,2026.0,ada,NO,
La Juntada De Los Artistas|El Mago y La Nueva,EL MAGO Y LA NUEVA / Enganchado En Vivo en LA JUNTADA DE LOS ARTISTAS,La Juntada De Los Artistas|El Mago y La Nueva,Olvidame,BK4DA2670010,1200214673420.0,2026-07-27 00:00:00,2026.0,ada,NO,
La Juntada De Los Artistas|El Mago y La Nueva,EL MAGO Y LA NUEVA / Enganchado En Vivo en LA JUNTADA DE LOS ARTISTAS,La Juntada De Los Artistas|El Mago y La Nueva,Iluminará,BK4DA2670011,1200214673420.0,2026-07-27 00:00:00,2026.0,ada,NO,
La Juntada De Los Artistas|El Mago y La Nueva,EL MAGO Y LA NUEVA / Enganchado En Vivo en LA JUNTADA DE LOS ARTISTAS,La Juntada De Los Artistas|El Mago y La Nueva,Recuerdos de Mí,BK4DA2670013,1200214673420.0,2026-07-27 00:00:00,2026.0,ada,NO,
La Juntada De Los Artistas|El Mago y La Nueva,EL MAGO Y LA NUEVA / Enganchado En Vivo en LA JUNTADA DE LOS ARTISTAS,La Juntada De Los Artistas|El Mago y La Nueva,Dime,BK4DA2670012,1200214673420.0,2026-07-27 00:00:00,2026.0,ada,NO,
La Juntada De Los Artistas|Sabor Colombiano,SABOR COLOMBIANO / Enganchado En Vivo en LA JUNTADA DE LOS ARTISTAS,La Juntada De Los Artistas|Sabor Colombiano,Cumbia Callejera,ARDL12600134,8721634400029.0,2026-07-25 00:00:00,2026.0,fuga,NO,
La Juntada De Los Artistas|Sabor Colombiano,SABOR COLOMBIANO / Enganchado En Vivo en LA JUNTADA DE LOS ARTISTAS,La Juntada De Los Artistas|Sabor Colombiano,Cumbia En La Playa,ARDL12600135,8721634400029.0,2026-07-25 00:00:00,2026.0,fuga,NO,
La Juntada De Los Artistas|Sabor Colombiano,SABOR COLOMBIANO / Enganchado En Vivo en LA JUNTADA DE LOS ARTISTAS,La Juntada De Los Artistas|Sabor Colombiano,Cumbia En Mi Tierra,ARDL12600136,8721634400029.0,2026-07-25 00:00:00,2026.0,fuga,NO,
La Juntada De Los Artistas|Sabor Colombiano,SABOR COLOMBIANO / Enganchado En Vivo en LA JUNTADA DE LOS ARTISTAS,La Juntada De Los Artistas|Sabor Colombiano,Ven a Bailar La Cumbia,ARDL12600137,8721634400029.0,2026-07-25 00:00:00,2026.0,fuga,NO,
La Juntada De Los Artistas|Sabor Colombiano,SABOR COLOMBIANO / Enganchado En Vivo en LA JUNTADA DE LOS ARTISTAS,La Juntada De Los Artistas|Sabor Colombiano,Cumbia Del Monte,ARDL12600138,8721634400029.0,2026-07-25 00:00:00,2026.0,fuga,NO,
La Juntada De Los Artistas|Sabor Colombiano,SABOR COLOMBIANO / Enganchado En Vivo en LA JUNTADA DE LOS ARTISTAS,La Juntada De Los Artistas|Sabor Colombiano,La Mochila,ARDL12600139,8721634400029.0,2026-07-25 00:00:00,2026.0,fuga,NO,
La Juntada De Los Artistas|Sabor Colombiano,SABOR COLOMBIANO / Enganchado En Vivo en LA JUNTADA DE LOS ARTISTAS,La Juntada De Los Artistas|Sabor Colombiano,Greysi,ARDL12600140,8721634400029.0,2026-07-25 00:00:00,2026.0,fuga,NO,
La Juntada De Los Artistas|Sabor Colombiano,SABOR COLOMBIANO / Enganchado En Vivo en LA JUNTADA DE LOS ARTISTAS,La Juntada De Los Artistas|Sabor Colombiano,Cumbia Sampuesana,ARDL12600141,8721634400029.0,2026-07-25 00:00:00,2026.0,fuga,NO,
La Juntada De Los Artistas|Sabor Colombiano,SABOR COLOMBIANO / Enganchado En Vivo en LA JUNTADA DE LOS ARTISTAS,La Juntada De Los Artistas|Sabor Colombiano,Punteos Acordes,ARDL12600142,8721634400029.0,2026-07-25 00:00:00,2026.0,fuga,NO,
La Juntada De Los Artistas|Sabor Colombiano,SABOR COLOMBIANO / Enganchado En Vivo en LA JUNTADA DE LOS ARTISTAS,La Juntada De Los Artistas|Sabor Colombiano,Cumbia Cienaguera,ARDL12600143,8721634400029.0,2026-07-25 00:00:00,2026.0,fuga,NO,
La Juntada De Los Artistas|Sabor Colombiano,SABOR COLOMBIANO / Enganchado En Vivo en LA JUNTADA DE LOS ARTISTAS,La Juntada De Los Artistas|Sabor Colombiano,Cumbia Buena,ARDL12600144,8721634400029.0,2026-07-25 00:00:00,2026.0,fuga,NO,
G Sony|Eugenia Quevedo|Kekelandia,Cielo,G Sony|Eugenia Quevedo|Kekelandia,Cielo,BK4DA2670172,1200214682309.0,2026-07-30 00:00:00,2026.0,ada,NO,x
La Juntada De Los Artistas|El Negro Tecla,EL NEGRO TECLA / Enganchado En Vivo en LA JUNTADA DE LOS ARTISTAS,La Juntada De Los Artistas|El Negro Tecla,Ahí Ahí,BK4DA2670202,1200214683078.0,2026-07-25 00:00:00,2026.0,ada,NO,
La Juntada De Los Artistas|El Negro Tecla,EL NEGRO TECLA / Enganchado En Vivo en LA JUNTADA DE LOS ARTISTAS,La Juntada De Los Artistas|El Negro Tecla,Rompe,BK4DA2670203,1200214683078.0,2026-07-25 00:00:00,2026.0,ada,NO,
La Juntada De Los Artistas|El Negro Tecla,EL NEGRO TECLA / Enganchado En Vivo en LA JUNTADA DE LOS ARTISTAS,La Juntada De Los Artistas|El Negro Tecla,Omar Algo Anda Mal #9,BK4DA2670204,1200214683078.0,2026-07-25 00:00:00,2026.0,ada,NO,
La Juntada De Los Artistas|El Negro Tecla,EL NEGRO TECLA / Enganchado En Vivo en LA JUNTADA DE LOS ARTISTAS,La Juntada De Los Artistas|El Negro Tecla,La Noche,BK4DA2670205,1200214683078.0,2026-07-25 00:00:00,2026.0,ada,NO,
La Juntada De Los Artistas|Peipper,PEIPPER / Enganchado En Vivo en LA JUNTADA DE LOS ARTISTAS,La Juntada De Los Artistas|Peipper,Turreo Sessions #15,BK4DA2670237,1200214683498.0,2026-07-28 00:00:00,2026.0,ada,NO,
La Juntada De Los Artistas|Peipper,PEIPPER / Enganchado En Vivo en LA JUNTADA DE LOS ARTISTAS,La Juntada De Los Artistas|Peipper,Si Las Gatas Se Amotinan,BK4DA2670238,1200214683498.0,2026-07-28 00:00:00,2026.0,ada,NO,
La Juntada De Los Artistas|Peipper,PEIPPER / Enganchado En Vivo en LA JUNTADA DE LOS ARTISTAS,La Juntada De Los Artistas|Peipper,Inocente,BK4DA2670239,1200214683498.0,2026-07-28 00:00:00,2026.0,ada,NO,
La Juntada De Los Artistas|Peipper,PEIPPER / Enganchado En Vivo en LA JUNTADA DE LOS ARTISTAS,La Juntada De Los Artistas|Peipper,Triste Palomita,BK4DA2670240,1200214683498.0,2026-07-28 00:00:00,2026.0,ada,NO,
La Juntada De Los Artistas|Peipper,PEIPPER / Enganchado En Vivo en LA JUNTADA DE LOS ARTISTAS,La Juntada De Los Artistas|Peipper,Lo Grande Que Es Perdonar,BK4DA2670241,1200214683498.0,2026-07-28 00:00:00,2026.0,ada,NO,
La Juntada De Los Artistas|Peipper,PEIPPER / Enganchado En Vivo en LA JUNTADA DE LOS ARTISTAS,La Juntada De Los Artistas|Peipper,Siempre Me Acuerdo De Vos,BK4DA2670242,1200214683498.0,2026-07-28 00:00:00,2026.0,ada,NO,
La Juntada De Los Artistas|DesaKTa2,DESAKTA2 / Enganchado En Vivo en LA JUNTADA DE LOS ARTISTAS,La Juntada De Los Artistas|DesaKTa2,Estaba Aqui Pensando,BK4DA2670639,1200214718619.0,2026-07-30 00:00:00,2026.0,ada,NO,
La Juntada De Los Artistas|DesaKTa2,DESAKTA2 / Enganchado En Vivo en LA JUNTADA DE LOS ARTISTAS,La Juntada De Los Artistas|DesaKTa2,Por Mil Noches,BK4DA2670640,1200214718619.0,2026-07-30 00:00:00,2026.0,ada,NO,
La Juntada De Los Artistas|DesaKTa2,DESAKTA2 / Enganchado En Vivo en LA JUNTADA DE LOS ARTISTAS,La Juntada De Los Artistas|DesaKTa2,Diabla,BK4DA2670641,1200214718619.0,2026-07-30 00:00:00,2026.0,ada,NO,
La Juntada De Los Artistas|DesaKTa2,DESAKTA2 / Enganchado En Vivo en LA JUNTADA DE LOS ARTISTAS,La Juntada De Los Artistas|DesaKTa2,Dime Si Eres Feliz,BK4DA2670642,1200214718619.0,2026-07-30 00:00:00,2026.0,ada,NO,
La Juntada De Los Artistas|DesaKTa2,DESAKTA2 / Enganchado En Vivo en LA JUNTADA DE LOS ARTISTAS,La Juntada De Los Artistas|DesaKTa2,A Chillar A Otra Parte,BK4DA2670643,1200214718619.0,2026-07-30 00:00:00,2026.0,ada,NO,
La Juntada De Los Artistas|DesaKTa2,DESAKTA2 / Enganchado En Vivo en LA JUNTADA DE LOS ARTISTAS,La Juntada De Los Artistas|DesaKTa2,Mayor Que Yo,BK4DA2670644,1200214718619.0,2026-07-30 00:00:00,2026.0,ada,NO,
La Juntada De Los Artistas|DesaKTa2,DESAKTA2 / Enganchado En Vivo en LA JUNTADA DE LOS ARTISTAS,La Juntada De Los Artistas|DesaKTa2,Monaco,BK4DA2670645,1200214718619.0,2026-07-30 00:00:00,2026.0,ada,NO,
La Juntada De Los Artistas|DesaKTa2,DESAKTA2 / Enganchado En Vivo en LA JUNTADA DE LOS ARTISTAS,La Juntada De Los Artistas|DesaKTa2,No Se Ve / Chingón,BK4DA2670646,1200214718619.0,2026-07-30 00:00:00,2026.0,ada,NO,
La Juntada De Los Artistas|DesaKTa2,DESAKTA2 / Enganchado En Vivo en LA JUNTADA DE LOS ARTISTAS,La Juntada De Los Artistas|DesaKTa2,Te Amo,BK4DA2670647,1200214718619.0,2026-07-30 00:00:00,2026.0,ada,NO,
La Juntada De Los Artistas|DesaKTa2,DESAKTA2 / Enganchado En Vivo en LA JUNTADA DE LOS ARTISTAS,La Juntada De Los Artistas|DesaKTa2,Luna,BK4DA2670648,1200214718619.0,2026-07-30 00:00:00,2026.0,ada,NO,
La Juntada De Los Artistas|DesaKTa2,DESAKTA2 / Enganchado En Vivo en LA JUNTADA DE LOS ARTISTAS,La Juntada De Los Artistas|DesaKTa2,No Puedo Fingirlo,BK4DA2670649,1200214718619.0,2026-07-30 00:00:00,2026.0,ada,NO,
La Juntada De Los Artistas|DesaKTa2,DESAKTA2 / Enganchado En Vivo en LA JUNTADA DE LOS ARTISTAS,La Juntada De Los Artistas|DesaKTa2,Por El Contrario,BK4DA2670650,1200214718619.0,2026-07-30 00:00:00,2026.0,ada,NO,
La Juntada De Los Artistas|DesaKTa2,DESAKTA2 / Enganchado En Vivo en LA JUNTADA DE LOS ARTISTAS,La Juntada De Los Artistas|DesaKTa2,Ya No Siento Nada,BK4DA2670651,1200214718619.0,2026-07-30 00:00:00,2026.0,ada,NO,
La Juntada De Los Artistas|DesaKTa2,DESAKTA2 / Enganchado En Vivo en LA JUNTADA DE LOS ARTISTAS,La Juntada De Los Artistas|DesaKTa2,¿Quién se ha tomado todo el vino?,BK4DA2670652,1200214718619.0,2026-07-30 00:00:00,2026.0,ada,NO,
La Juntada De Los Artistas|DesaKTa2,DESAKTA2 / Enganchado En Vivo en LA JUNTADA DE LOS ARTISTAS,La Juntada De Los Artistas|DesaKTa2,La Pupera de María,BK4DA2670653,1200214718619.0,2026-07-30 00:00:00,2026.0,ada,NO,
La Juntada De Los Artistas|DesaKTa2,DESAKTA2 / Enganchado En Vivo en LA JUNTADA DE LOS ARTISTAS,La Juntada De Los Artistas|DesaKTa2,Lo Mejor Del Amor,BK4DA2670654,1200214718619.0,2026-07-30 00:00:00,2026.0,ada,NO,
La Juntada De Los Artistas|DesaKTa2,DESAKTA2 / Enganchado En Vivo en LA JUNTADA DE LOS ARTISTAS,La Juntada De Los Artistas|DesaKTa2,Por Lo Que Yo Te Quiero,BK4DA2670655,1200214718619.0,2026-07-30 00:00:00,2026.0,ada,NO,
La Juntada De Los Artistas|DesaKTa2,DESAKTA2 / Enganchado En Vivo en LA JUNTADA DE LOS ARTISTAS,La Juntada De Los Artistas|DesaKTa2,Adicto a Ti,BK4DA2670656,1200214718619.0,2026-07-30 00:00:00,2026.0,ada,NO,
La Juntada De Los Artistas|DesaKTa2,DESAKTA2 / Enganchado En Vivo en LA JUNTADA DE LOS ARTISTAS,La Juntada De Los Artistas|DesaKTa2,Tengo un Jefe,BK4DA2670657,1200214718619.0,2026-07-30 00:00:00,2026.0,ada,NO,
La Juntada De Los Artistas|Simon Aguirre,SIMON AGUIRRE / Enganchado En Vivo en LA JUNTADA DE LOS ARTISTAS,La Juntada De Los Artistas|Simon Aguirre,Sin Cara + Tattoo,BK4DA2670660,1200214718671.0,2026-07-30 00:00:00,2026.0,ada,NO,
La Juntada De Los Artistas|Simon Aguirre,SIMON AGUIRRE / Enganchado En Vivo en LA JUNTADA DE LOS ARTISTAS,La Juntada De Los Artistas|Simon Aguirre,Mi Corazón,BK4DA2670662,1200214718671.0,2026-07-30 00:00:00,2026.0,ada,NO,
La Juntada De Los Artistas|Simon Aguirre,SIMON AGUIRRE / Enganchado En Vivo en LA JUNTADA DE LOS ARTISTAS,La Juntada De Los Artistas|Simon Aguirre,Como La Primera Vez,BK4DA2670664,1200214718671.0,2026-07-30 00:00:00,2026.0,ada,NO,
La Juntada De Los Artistas|Simon Aguirre,SIMON AGUIRRE / Enganchado En Vivo en LA JUNTADA DE LOS ARTISTAS,La Juntada De Los Artistas|Simon Aguirre,Plan,BK4DA2670665,1200214718671.0,2026-07-30 00:00:00,2026.0,ada,NO,
La Juntada De Los Artistas|Simon Aguirre,SIMON AGUIRRE / Enganchado En Vivo en LA JUNTADA DE LOS ARTISTAS,La Juntada De Los Artistas|Simon Aguirre,Como Antes,BK4DA2670666,1200214718671.0,2026-07-30 00:00:00,2026.0,ada,NO,
La Juntada De Los Artistas|Simon Aguirre,SIMON AGUIRRE / Enganchado En Vivo en LA JUNTADA DE LOS ARTISTAS,La Juntada De Los Artistas|Simon Aguirre,Maquillaje,BK4DA2670667,1200214718671.0,2026-07-30 00:00:00,2026.0,ada,NO,
La Juntada De Los Artistas|Simon Aguirre,SIMON AGUIRRE / Enganchado En Vivo en LA JUNTADA DE LOS ARTISTAS,La Juntada De Los Artistas|Simon Aguirre,La Cumbita,BK4DA2670669,1200214718671.0,2026-07-30 00:00:00,2026.0,ada,NO,
La Juntada De Los Artistas|Damaris,DAMARIS / Enganchado En Vivo en LA JUNTADA DE LOS ARTISTAS,La Juntada De Los Artistas|Damaris,Qué Bello,ARDL12600032,8721466047355.0,2026-02-25 00:00:00,2026.0,fuga,NO,
La Juntada De Los Artistas|Damaris,DAMARIS / Enganchado En Vivo en LA JUNTADA DE LOS ARTISTAS,La Juntada De Los Artistas|Damaris,Titanium,ARDL12600035,8721466047355.0,2026-02-25 00:00:00,2026.0,fuga,NO,
La Juntada De Los Artistas|Damaris,DAMARIS / Enganchado En Vivo en LA JUNTADA DE LOS ARTISTAS,La Juntada De Los Artistas|Damaris,La Cita,ARDL12600031,8721466047355.0,2026-02-25 00:00:00,2026.0,fuga,NO,
La Juntada De Los Artistas|Damaris,DAMARIS / Enganchado En Vivo en LA JUNTADA DE LOS ARTISTAS,La Juntada De Los Artistas|Damaris,Su Mujer,ARDL12600034,8721466047355.0,2026-02-25 00:00:00,2026.0,fuga,NO,
La Juntada De Los Artistas|Damaris,DAMARIS / Enganchado En Vivo en LA JUNTADA DE LOS ARTISTAS,La Juntada De Los Artistas|Damaris,Humíllate,ARDL12600030,8721466047355.0,2026-02-25 00:00:00,2026.0,fuga,NO,
La Juntada De Los Artistas|Damaris,DAMARIS / Enganchado En Vivo en LA JUNTADA DE LOS ARTISTAS,La Juntada De Los Artistas|Damaris,Sin Aire,ARDL12600033,8721466047355.0,2026-02-25 00:00:00,2026.0,fuga,NO,
La Juntada De Los Artistas|Damaris,DAMARIS / Enganchado En Vivo en LA JUNTADA DE LOS ARTISTAS,La Juntada De Los Artistas|Damaris,Ayer Pedi Que Te Murieras,ARDL12600029,8721466047355.0,2026-02-25 00:00:00,2026.0,fuga,NO,
La Juntada De Los Artistas|PALO,HACELA CORTA MOROCHO,La Juntada De Los Artistas|PALO,HACELA CORTA MOROCHO,ARDL12600048,8721466223315.0,2026-03-12 00:00:00,2026.0,fuga,NO,
La Juntada De Los Artistas|Orquesta Kaluqueña,ORQUESTA KALUQUEÑA / Enganchado En Vivo en LA JUNTADA DE LOS ARTISTAS,La Juntada De Los Artistas|Orquesta Kaluqueña,Agua Caliente,ARDL12600079,8721466864334.0,2026-05-02 00:00:00,2026.0,fuga,NO,
La Juntada De Los Artistas|Orquesta Kaluqueña,ORQUESTA KALUQUEÑA / Enganchado En Vivo en LA JUNTADA DE LOS ARTISTAS,La Juntada De Los Artistas|Orquesta Kaluqueña,Ay Amor,ARDL12600080,8721466864334.0,2026-05-02 00:00:00,2026.0,fuga,NO,
La Juntada De Los Artistas|Orquesta Kaluqueña,ORQUESTA KALUQUEÑA / Enganchado En Vivo en LA JUNTADA DE LOS ARTISTAS,La Juntada De Los Artistas|Orquesta Kaluqueña,"Bésame, Bésame",ARDL12600081,8721466864334.0,2026-05-02 00:00:00,2026.0,fuga,NO,
La Juntada De Los Artistas|Orquesta Kaluqueña,ORQUESTA KALUQUEÑA / Enganchado En Vivo en LA JUNTADA DE LOS ARTISTAS,La Juntada De Los Artistas|Orquesta Kaluqueña,Boquita Perfumada,ARDL12600082,8721466864334.0,2026-05-02 00:00:00,2026.0,fuga,NO,
La Juntada De Los Artistas|Orquesta Kaluqueña,ORQUESTA KALUQUEÑA / Enganchado En Vivo en LA JUNTADA DE LOS ARTISTAS,La Juntada De Los Artistas|Orquesta Kaluqueña,Cómo Te Extraño Vida Mía,ARDL12600083,8721466864334.0,2026-05-02 00:00:00,2026.0,fuga,NO,
La Juntada De Los Artistas|Orquesta Kaluqueña,ORQUESTA KALUQUEÑA / Enganchado En Vivo en LA JUNTADA DE LOS ARTISTAS,La Juntada De Los Artistas|Orquesta Kaluqueña,Cumbia Arrebatada,ARDL12600084,8721466864334.0,2026-05-02 00:00:00,2026.0,fuga,NO,
La Juntada De Los Artistas|Orquesta Kaluqueña,ORQUESTA KALUQUEÑA / Enganchado En Vivo en LA JUNTADA DE LOS ARTISTAS,La Juntada De Los Artistas|Orquesta Kaluqueña,Cumbia del Bailarín,ARDL12600085,8721466864334.0,2026-05-02 00:00:00,2026.0,fuga,NO,
La Juntada De Los Artistas|Orquesta Kaluqueña,ORQUESTA KALUQUEÑA / Enganchado En Vivo en LA JUNTADA DE LOS ARTISTAS,La Juntada De Los Artistas|Orquesta Kaluqueña,Déjame Quererte,ARDL12600086,8721466864334.0,2026-05-02 00:00:00,2026.0,fuga,NO,
La Juntada De Los Artistas|Orquesta Kaluqueña,ORQUESTA KALUQUEÑA / Enganchado En Vivo en LA JUNTADA DE LOS ARTISTAS,La Juntada De Los Artistas|Orquesta Kaluqueña,Destilando Amor,ARDL12600087,8721466864334.0,2026-05-02 00:00:00,2026.0,fuga,NO,
La Juntada De Los Artistas|Orquesta Kaluqueña,ORQUESTA KALUQUEÑA / Enganchado En Vivo en LA JUNTADA DE LOS ARTISTAS,La Juntada De Los Artistas|Orquesta Kaluqueña,"Dime, Dime",ARDL12600088,8721466864334.0,2026-05-02 00:00:00,2026.0,fuga,NO,
La Juntada De Los Artistas|Orquesta Kaluqueña,ORQUESTA KALUQUEÑA / Enganchado En Vivo en LA JUNTADA DE LOS ARTISTAS,La Juntada De Los Artistas|Orquesta Kaluqueña,La Cumbita,ARDL12600089,8721466864334.0,2026-05-02 00:00:00,2026.0,fuga,NO,
La Juntada De Los Artistas|Orquesta Kaluqueña,ORQUESTA KALUQUEÑA / Enganchado En Vivo en LA JUNTADA DE LOS ARTISTAS,La Juntada De Los Artistas|Orquesta Kaluqueña,La Remera,ARDL12600090,8721466864334.0,2026-05-02 00:00:00,2026.0,fuga,NO,
La Juntada De Los Artistas|Orquesta Kaluqueña,ORQUESTA KALUQUEÑA / Enganchado En Vivo en LA JUNTADA DE LOS ARTISTAS,La Juntada De Los Artistas|Orquesta Kaluqueña,Pero la Recuerdo,ARDL12600091,8721466864334.0,2026-05-02 00:00:00,2026.0,fuga,NO,
La Juntada De Los Artistas|Orquesta Kaluqueña,ORQUESTA KALUQUEÑA / Enganchado En Vivo en LA JUNTADA DE LOS ARTISTAS,La Juntada De Los Artistas|Orquesta Kaluqueña,Que No Quede Huella,ARDL12600092,8721466864334.0,2026-05-02 00:00:00,2026.0,fuga,NO,
La Juntada De Los Artistas|Orquesta Kaluqueña,ORQUESTA KALUQUEÑA / Enganchado En Vivo en LA JUNTADA DE LOS ARTISTAS,La Juntada De Los Artistas|Orquesta Kaluqueña,Tendrás Que Llorar,ARDL12600093,8721466864334.0,2026-05-02 00:00:00,2026.0,fuga,NO,
La Juntada De Los Artistas|Santiago Cañete,SANTIAGO CAÑETE / Enganchado En Vivo en LA JUNTADA DE LOS ARTISTAS,La Juntada De Los Artistas|Santiago Cañete,La Noche Sin Tí,ARDL12600065,8721466342122.0,2026-03-26 00:00:00,2026.0,fuga,NO,
La Juntada De Los Artistas|Santiago Cañete,SANTIAGO CAÑETE / Enganchado En Vivo en LA JUNTADA DE LOS ARTISTAS,La Juntada De Los Artistas|Santiago Cañete,Culpable o No,ARDL12600064,8721466342122.0,2026-03-26 00:00:00,2026.0,fuga,NO,
La Juntada De Los Artistas|Santiago Cañete,SANTIAGO CAÑETE / Enganchado En Vivo en LA JUNTADA DE LOS ARTISTAS,La Juntada De Los Artistas|Santiago Cañete,Lamentablemente,ARDL12600066,8721466342122.0,2026-03-26 00:00:00,2026.0,fuga,NO,
La Juntada De Los Artistas|Santiago Cañete,SANTIAGO CAÑETE / Enganchado En Vivo en LA JUNTADA DE LOS ARTISTAS,La Juntada De Los Artistas|Santiago Cañete,Cuidado Que Te Supero,ARDL12600063,8721466342122.0,2026-03-26 00:00:00,2026.0,fuga,NO,
La Juntada De Los Artistas|Santiago Cañete,SANTIAGO CAÑETE / Enganchado En Vivo en LA JUNTADA DE LOS ARTISTAS,La Juntada De Los Artistas|Santiago Cañete,Luna,ARDL12600067,8721466342122.0,2026-03-26 00:00:00,2026.0,fuga,NO,
La Juntada De Los Artistas|Santiago Cañete,SANTIAGO CAÑETE / Enganchado En Vivo en LA JUNTADA DE LOS ARTISTAS,La Juntada De Los Artistas|Santiago Cañete,Un Montón de Estrellas,ARDL12600068,8721466342122.0,2026-03-26 00:00:00,2026.0,fuga,NO,
La Juntada De Los Artistas|Onda Sabanera,ONDA SABANERA / Enganchado En Vivo en LA JUNTADA DE LOS ARTISTAS,La Juntada De Los Artistas|Onda Sabanera,Falsas Lágrimas,ARDL12600070,8721466346779.0,2026-03-24 00:00:00,2026.0,fuga,NO,
La Juntada De Los Artistas|Onda Sabanera,ONDA SABANERA / Enganchado En Vivo en LA JUNTADA DE LOS ARTISTAS,La Juntada De Los Artistas|Onda Sabanera,El Campanero,ARDL12600069,8721466346779.0,2026-03-24 00:00:00,2026.0,fuga,NO,
La Juntada De Los Artistas|Onda Sabanera,ONDA SABANERA / Enganchado En Vivo en LA JUNTADA DE LOS ARTISTAS,La Juntada De Los Artistas|Onda Sabanera,Llorar,ARDL12600071,8721466346779.0,2026-03-24 00:00:00,2026.0,fuga,NO,
La Juntada De Los Artistas|Onda Sabanera,ONDA SABANERA / Enganchado En Vivo en LA JUNTADA DE LOS ARTISTAS,La Juntada De Los Artistas|Onda Sabanera,El Más Popular,ARDL12600072,8721466346779.0,2026-03-24 00:00:00,2026.0,fuga,NO,
La Juntada De Los Artistas|Onda Sabanera,ONDA SABANERA / Enganchado En Vivo en LA JUNTADA DE LOS ARTISTAS,La Juntada De Los Artistas|Onda Sabanera,Mi Viejo,ARDL12600027,8721466346779.0,2026-03-24 00:00:00,2026.0,fuga,NO,
La Juntada De Los Artistas|Onda Sabanera,ONDA SABANERA / Enganchado En Vivo en LA JUNTADA DE LOS ARTISTAS,La Juntada De Los Artistas|Onda Sabanera,Tu Recuerdo,ARDL12600042,8721466346779.0,2026-03-24 00:00:00,2026.0,fuga,NO,
La Juntada De Los Artistas|Onda Sabanera,ONDA SABANERA / Enganchado En Vivo en LA JUNTADA DE LOS ARTISTAS,La Juntada De Los Artistas|Onda Sabanera,Olvídala,ARDL12600073,8721466346779.0,2026-03-24 00:00:00,2026.0,fuga,NO,
La Juntada De Los Artistas|Onda Sabanera,ONDA SABANERA / Enganchado En Vivo en LA JUNTADA DE LOS ARTISTAS,La Juntada De Los Artistas|Onda Sabanera,Pobre Corazón,ARDL12600074,8721466346779.0,2026-03-24 00:00:00,2026.0,fuga,NO,
La Juntada De Los Artistas|Aneley,ANELEY / Enganchado En Vivo en LA JUNTADA DE LOS ARTISTAS,La Juntada De Los Artistas|Aneley,Estaba Aquí Pensando,ARDL12600043,8721466148328.0,2026-03-04 00:00:00,2026.0,fuga,NO,
La Juntada De Los Artistas|Aneley,ANELEY / Enganchado En Vivo en LA JUNTADA DE LOS ARTISTAS,La Juntada De Los Artistas|Aneley,Envuelto En Llamas,ARDL12600040,8721466148328.0,2026-03-04 00:00:00,2026.0,fuga,NO,
La Juntada De Los Artistas|Aneley,ANELEY / Enganchado En Vivo en LA JUNTADA DE LOS ARTISTAS,La Juntada De Los Artistas|Aneley,Nunca Voy a Olvidarte,ARDL12600045,8721466148328.0,2026-03-04 00:00:00,2026.0,fuga,NO,
La Juntada De Los Artistas|Aneley,ANELEY / Enganchado En Vivo en LA JUNTADA DE LOS ARTISTAS,La Juntada De Los Artistas|Aneley,Por Ese Hombre,ARDL12600041,8721466148328.0,2026-03-04 00:00:00,2026.0,fuga,NO,
La Juntada De Los Artistas|Aneley,ANELEY / Enganchado En Vivo en LA JUNTADA DE LOS ARTISTAS,La Juntada De Los Artistas|Aneley,Tu Recuerdo,ARDL12600042,8721466148328.0,2026-03-04 00:00:00,2026.0,fuga,NO,
La Juntada De Los Artistas|Aneley,ANELEY / Enganchado En Vivo en LA JUNTADA DE LOS ARTISTAS,La Juntada De Los Artistas|Aneley,MI EX TENÍA RAZÓN,ARDL12600044,8721466148328.0,2026-03-04 00:00:00,2026.0,fuga,NO,
Emiliano Nahuel featuring Benji Gramitos,LOS QUE ATENTAN,Emiliano Nahuel featuring Benji Gramitos,LOS QUE ATENTAN,ARDL12600106,8721555653955.0,2026-06-24 00:00:00,2026.0,fuga,NO,
Aneley,Imaginando La Gloria,Aneley,Imaginando La Gloria,QT8BW2649774,5063964820232.0,2026-06-13 00:00:00,2026.0,fuga,NO,
Bianca Lif,Oíd Mortales,Bianca Lif,Barrilete Cósmico,ARDL12600099,8721555283886.0,2026-06-04 00:00:00,2026.0,fuga,NO,
Bianca Lif,Oíd Mortales,Bianca Lif,Todo Alrededor,ARDL12600100,8721555283886.0,2026-06-04 00:00:00,2026.0,fuga,NO,
CamiRA,Volver a Amar,CamiRA,Volver a Amar,ARDL12600103,8721555136816.0,2026-05-15 00:00:00,2026.0,fuga,NO,
FACUU DJ|MC GAA|Papu DJ,Llegó la 26,FACUU DJ|MC GAA|Papu DJ,Llegó la 26,ARDL12600095,8721466874784.0,2026-05-07 00:00:00,2026.0,fuga,NO,
La Juntada De Los Artistas|G Sony,Y DALE LIONEL,La Juntada De Los Artistas|G Sony,Y DALE LIONEL,BK4DA2659390,1200214361716.0,2026-06-14 00:00:00,2026.0,ada,NO,
La Juntada De Los Artistas|Gaspar Gigena,Culpa De Los Dos,La Juntada De Los Artistas|Gaspar Gigena,Culpa De Los Dos,BK4DA2637586,8718521311247.0,2026-05-14 00:00:00,2026.0,ada,NO,
LIT killah,G. Catán,LIT killah,G. Catán,ARDL12600146,1200214775223.0,2026-08-11 00:00:00,2026.0,ada,NO,x
La Juntada De Los Artistas|Sasha Belen,Havana,La Juntada De Los Artistas|Sasha Belen,Havana,BK4DA2671493,1200214775346.0,2026-08-08 00:00:00,2026.0,ada,NO,
La Juntada De Los Artistas|Sasha Belen,El Farsante,La Juntada De Los Artistas|Sasha Belen,El Farsante,BK4DA2671495,1200214775384.0,2026-08-08 00:00:00,2026.0,ada,NO,
La Juntada De Los Artistas|NHAY,NHAY VIERA / Enganchado En Vivo en LA JUNTADA DE LOS ARTISTAS,La Juntada De Los Artistas|NHAY,Tú,BK4DA2671536,1200214775407.0,2026-08-07 00:00:00,2026.0,ada,NO,
La Juntada De Los Artistas|NHAY,NHAY VIERA / Enganchado En Vivo en LA JUNTADA DE LOS ARTISTAS,La Juntada De Los Artistas|NHAY,Déjame Quererte Para Siempre,BK4DA2671537,1200214775407.0,2026-08-07 00:00:00,2026.0,ada,NO,
La Juntada De Los Artistas|NHAY,NHAY VIERA / Enganchado En Vivo en LA JUNTADA DE LOS ARTISTAS,La Juntada De Los Artistas|NHAY,Paris ,BK4DA2671538,1200214775407.0,2026-08-07 00:00:00,2026.0,ada,NO,
Cande Gonzalez,Sé Qué Quieres De Mí,Cande Gonzalez,Sé Qué Quieres De Mí,ARDL12600147,8721554146496.0,2026-08-06 00:00:00,2026.0,fuga,NO,
A Precio de Sangre featuring Verónica Ávila,Declaro a Cristo,A Precio de Sangre featuring Verónica Ávila,Declaro a Cristo,NL8RL2687203,8721554158093.0,2026-08-06 00:00:00,2026.0,fuga,NO,
La Juntada De Los Artistas|Mica Barreto,Rosas / A Dónde Fue (Somewhere Only We Know),La Juntada De Los Artistas|Mica Barreto,Rosas,BK4DA2672144,1200214816742.0,2026-08-10 00:00:00,2026.0,ada,NO,
La Juntada De Los Artistas|Mica Barreto,Rosas / A Dónde Fue (Somewhere Only We Know),La Juntada De Los Artistas|Mica Barreto,A Dónde Fue (Somewhere Only We Know),BK4DA2672145,1200214816742.0,2026-08-10 00:00:00,2026.0,ada,NO,
CamiRA,Sin Miedo,CamiRA,Sin Miedo,ARDL12600148,8721554193667.0,2026-08-14 00:00:00,2026.0,fuga,NO,
G Sony|Kekelandia,Voy Vagando,G Sony|Kekelandia,Voy Vagando,BK4DA2677163,1200214828424.0,2026-08-13 00:00:00,2026.0,ada,NO,x
Yankee Dj,Fuerte No Fui,Yankee Dj,Fuerte No Fui,NL8RL2689082,8721554226426.0,2026-08-13 00:00:00,2026.0,fuga,NO,
Yankee Dj,La Ramita,Yankee Dj,La Ramita,NL8RL2689081,8721554226365.0,2026-08-13 00:00:00,2026.0,fuga,NO,
Dj Plaga|Mamiyosoyelth|Marcianeke|Alejo Isakk,PERREO TH 7 - Remix,Dj Plaga|Mamiyosoyelth|Marcianeke|Alejo Isakk,PERREO TH 7 - Remix,ARDL12600149,1200214848248.0,2026-09-17 00:00:00,2026.0,ada,NO,x
Gusty dj|Juano Dskt,Session en el Barrio #16,Gusty dj|Juano Dskt,Session en el Barrio #16,ARDL12600150,8721554296603.0,2026-08-20 00:00:00,2026.0,fuga,NO,x
La Juntada De Los Artistas|Los Lirios De Santa Fe,LOS LIRIOS / Enganchado En Vivo en LA JUNTADA DE LOS ARTISTAS,La Juntada De Los Artistas|Los Lirios De Santa Fe,Paloma,BK4DA2677911,1200214904555.0,2026-08-20 00:00:00,2026.0,ada,NO,
La Juntada De Los Artistas|Los Lirios De Santa Fe,LOS LIRIOS / Enganchado En Vivo en LA JUNTADA DE LOS ARTISTAS,La Juntada De Los Artistas|Los Lirios De Santa Fe,A Decirme Qué,BK4DA2677912,1200214904555.0,2026-08-20 00:00:00,2026.0,ada,NO,
La Juntada De Los Artistas|Los Lirios De Santa Fe,LOS LIRIOS / Enganchado En Vivo en LA JUNTADA DE LOS ARTISTAS,La Juntada De Los Artistas|Los Lirios De Santa Fe,El Hombre Del Acordeón,BK4DA2677913,1200214904555.0,2026-08-20 00:00:00,2026.0,ada,NO,
La Juntada De Los Artistas|Los Lirios De Santa Fe,LOS LIRIOS / Enganchado En Vivo en LA JUNTADA DE LOS ARTISTAS,La Juntada De Los Artistas|Los Lirios De Santa Fe,La Cumbia Es Una Hembra,BK4DA2677914,1200214904555.0,2026-08-20 00:00:00,2026.0,ada,NO,
La Juntada De Los Artistas|Los Lirios De Santa Fe,LOS LIRIOS / Enganchado En Vivo en LA JUNTADA DE LOS ARTISTAS,La Juntada De Los Artistas|Los Lirios De Santa Fe,Cumbia De Los Locos,BK4DA2677916,1200214904555.0,2026-08-20 00:00:00,2026.0,ada,NO,
La Juntada De Los Artistas|Los Lirios De Santa Fe,LOS LIRIOS / Enganchado En Vivo en LA JUNTADA DE LOS ARTISTAS,La Juntada De Los Artistas|Los Lirios De Santa Fe,Cumbia De Colores,BK4DA2677915,1200214904555.0,2026-08-20 00:00:00,2026.0,ada,NO,
La Juntada De Los Artistas|Los Lirios De Santa Fe,LOS LIRIOS / Enganchado En Vivo en LA JUNTADA DE LOS ARTISTAS,La Juntada De Los Artistas|Los Lirios De Santa Fe,Tu Amor Me Mata,BK4DA2677918,1200214904555.0,2026-08-20 00:00:00,2026.0,ada,NO,
La Juntada De Los Artistas|Los Lirios De Santa Fe,LOS LIRIOS / Enganchado En Vivo en LA JUNTADA DE LOS ARTISTAS,La Juntada De Los Artistas|Los Lirios De Santa Fe,Mi Fantasía,BK4DA2677919,1200214904555.0,2026-08-20 00:00:00,2026.0,ada,NO,
La Juntada De Los Artistas|Los Lirios De Santa Fe,LOS LIRIOS / Enganchado En Vivo en LA JUNTADA DE LOS ARTISTAS,La Juntada De Los Artistas|Los Lirios De Santa Fe,Duele,BK4DA2677920,1200214904555.0,2026-08-20 00:00:00,2026.0,ada,NO,
La Juntada De Los Artistas|Los Lirios De Santa Fe,LOS LIRIOS / Enganchado En Vivo en LA JUNTADA DE LOS ARTISTAS,La Juntada De Los Artistas|Los Lirios De Santa Fe,Noche Triste,BK4DA2677921,1200214904555.0,2026-08-20 00:00:00,2026.0,ada,NO,
La Juntada De Los Artistas|Los Lirios De Santa Fe,LOS LIRIOS / Enganchado En Vivo en LA JUNTADA DE LOS ARTISTAS,La Juntada De Los Artistas|Los Lirios De Santa Fe,La Lola,BK4DA2677922,1200214904555.0,2026-08-20 00:00:00,2026.0,ada,NO,
La Juntada De Los Artistas|Los Lirios De Santa Fe,LOS LIRIOS / Enganchado En Vivo en LA JUNTADA DE LOS ARTISTAS,La Juntada De Los Artistas|Los Lirios De Santa Fe,Mi Primavera,BK4DA2677923,1200214904555.0,2026-08-20 00:00:00,2026.0,ada,NO,
La Juntada De Los Artistas|Los Lirios De Santa Fe,LOS LIRIOS / Enganchado En Vivo en LA JUNTADA DE LOS ARTISTAS,La Juntada De Los Artistas|Los Lirios De Santa Fe,Cumbia Sobre La Playa,BK4DA2677926,1200214904555.0,2026-08-20 00:00:00,2026.0,ada,NO,
La Juntada De Los Artistas|Los Lirios De Santa Fe,LOS LIRIOS / Enganchado En Vivo en LA JUNTADA DE LOS ARTISTAS,La Juntada De Los Artistas|Los Lirios De Santa Fe,Más Que Tu Amigo,BK4DA2677924,1200214904555.0,2026-08-20 00:00:00,2026.0,ada,NO,
La Juntada De Los Artistas|Los Lirios De Santa Fe,LOS LIRIOS / Enganchado En Vivo en LA JUNTADA DE LOS ARTISTAS,La Juntada De Los Artistas|Los Lirios De Santa Fe,Novios Cruzados,BK4DA2677925,1200214904555.0,2026-08-20 00:00:00,2026.0,ada,NO,
Aneley|Para El Mundo|Sasha Belen,Vivir así es morir de amor,Aneley|Para El Mundo|Sasha Belen,Vivir así es morir de amor,BK4DA2677941,1200214905910.0,2026-08-22 00:00:00,2026.0,ada,NO,
La Juntada De Los Artistas|Sasha Belen,SASHA BELÉN / Enganchado En Vivo en LA JUNTADA DE LOS ARTISTAS,La Juntada De Los Artistas|Sasha Belen,Hacela Corta Morocho,BK4DA2678531,1200214954444.0,2026-08-28 00:00:00,2026.0,ada,NO,
La Juntada De Los Artistas|Sasha Belen,SASHA BELÉN / Enganchado En Vivo en LA JUNTADA DE LOS ARTISTAS,La Juntada De Los Artistas|Sasha Belen,Wapo Traketero,BK4DA2678532,1200214954444.0,2026-08-28 00:00:00,2026.0,ada,NO,
La Juntada De Los Artistas|Sasha Belen,SASHA BELÉN / Enganchado En Vivo en LA JUNTADA DE LOS ARTISTAS,La Juntada De Los Artistas|Sasha Belen,Luna,BK4DA2678533,1200214954444.0,2026-08-28 00:00:00,2026.0,ada,NO,
La Juntada De Los Artistas|Sasha Belen,SASHA BELÉN / Enganchado En Vivo en LA JUNTADA DE LOS ARTISTAS,La Juntada De Los Artistas|Sasha Belen,Como Hago,BK4DA2678534,1200214954444.0,2026-08-28 00:00:00,2026.0,ada,NO,
Para El Mundo|Nathali Torres,Bandido,Para El Mundo|Nathali Torres,Bandido,BK4DA2678704,1200214967178.0,2026-08-28 00:00:00,2026.0,ada,NO,
Para El Mundo|Dami Bravo,La Yapa / Déjame que me vaya,Para El Mundo|Dami Bravo,La Yapa / Déjame que me vaya,BK4DA2678699,1200214967116.0,2026-08-29 00:00:00,2026.0,ada,NO,
Para El Mundo|Dami Bravo featuring Aneley,Amor Salvaje (feat. Aneley),Para El Mundo|Dami Bravo featuring Aneley,Amor Salvaje (feat. Aneley),BK4DA2678700,1200214967161.0,2026-08-29 00:00:00,2026.0,ada,NO,
La Juntada De Los Artistas|Sergio Torres,SERGIO TORRES / Enganchado En Vivo en LA JUNTADA DE LOS ARTISTAS,La Juntada De Los Artistas|Sergio Torres,Mira Cómo Baila,BK4DA2678706,1200214967208.0,2026-08-29 00:00:00,2026.0,ada,NO,
La Juntada De Los Artistas|Sergio Torres,SERGIO TORRES / Enganchado En Vivo en LA JUNTADA DE LOS ARTISTAS,La Juntada De Los Artistas|Sergio Torres,Llorarás,BK4DA2678707,1200214967208.0,2026-08-29 00:00:00,2026.0,ada,NO,
La Juntada De Los Artistas|Sergio Torres,SERGIO TORRES / Enganchado En Vivo en LA JUNTADA DE LOS ARTISTAS,La Juntada De Los Artistas|Sergio Torres,Vamos a Mentirle al Amor,BK4DA2678708,1200214967208.0,2026-08-29 00:00:00,2026.0,ada,NO,
La Juntada De Los Artistas|Sergio Torres,SERGIO TORRES / Enganchado En Vivo en LA JUNTADA DE LOS ARTISTAS,La Juntada De Los Artistas|Sergio Torres,Ya Me Enteré,BK4DA2678709,1200214967208.0,2026-08-29 00:00:00,2026.0,ada,NO,
La Juntada De Los Artistas|Sergio Torres,SERGIO TORRES / Enganchado En Vivo en LA JUNTADA DE LOS ARTISTAS,La Juntada De Los Artistas|Sergio Torres,Ya No Somos Ni Seremos,BK4DA2678710,1200214967208.0,2026-08-29 00:00:00,2026.0,ada,NO,
La Juntada De Los Artistas|Sergio Torres,SERGIO TORRES / Enganchado En Vivo en LA JUNTADA DE LOS ARTISTAS,La Juntada De Los Artistas|Sergio Torres,Ahora Lloras,BK4DA2678711,1200214967208.0,2026-08-29 00:00:00,2026.0,ada,NO,
La Juntada De Los Artistas|Sergio Torres,SERGIO TORRES / Enganchado En Vivo en LA JUNTADA DE LOS ARTISTAS,La Juntada De Los Artistas|Sergio Torres,Mi Celosa Hermosa,BK4DA2678712,1200214967208.0,2026-08-29 00:00:00,2026.0,ada,NO,
La Juntada De Los Artistas|Sergio Torres,SERGIO TORRES / Enganchado En Vivo en LA JUNTADA DE LOS ARTISTAS,La Juntada De Los Artistas|Sergio Torres,Bonita Pero Mentirosa,BK4DA2678713,1200214967208.0,2026-08-29 00:00:00,2026.0,ada,NO,
La Juntada De Los Artistas|Sergio Torres,SERGIO TORRES / Enganchado En Vivo en LA JUNTADA DE LOS ARTISTAS,La Juntada De Los Artistas|Sergio Torres,20 Rosas,BK4DA2678714,1200214967208.0,2026-08-29 00:00:00,2026.0,ada,NO,
La Juntada De Los Artistas|Sergio Torres,SERGIO TORRES / Enganchado En Vivo en LA JUNTADA DE LOS ARTISTAS,La Juntada De Los Artistas|Sergio Torres,Qué Locura,BK4DA2678715,1200214967208.0,2026-08-29 00:00:00,2026.0,ada,NO,
La Juntada De Los Artistas|Sergio Torres,SERGIO TORRES / Enganchado En Vivo en LA JUNTADA DE LOS ARTISTAS,La Juntada De Los Artistas|Sergio Torres,Cómo Te Voy a Olvidar,BK4DA2678716,1200214967208.0,2026-08-29 00:00:00,2026.0,ada,NO,
La Juntada De Los Artistas|Sergio Torres,SERGIO TORRES / Enganchado En Vivo en LA JUNTADA DE LOS ARTISTAS,La Juntada De Los Artistas|Sergio Torres,La Pachanga,BK4DA2678717,1200214967208.0,2026-08-29 00:00:00,2026.0,ada,NO,
La Juntada De Los Artistas|Sergio Torres,SERGIO TORRES / Enganchado En Vivo en LA JUNTADA DE LOS ARTISTAS,La Juntada De Los Artistas|Sergio Torres,Rico y Suave,BK4DA2678718,1200214967208.0,2026-08-29 00:00:00,2026.0,ada,NO,
La Juntada De Los Artistas|Sergio Torres,SERGIO TORRES / Enganchado En Vivo en LA JUNTADA DE LOS ARTISTAS,La Juntada De Los Artistas|Sergio Torres,La Va a Pagar,BK4DA2678719,1200214967208.0,2026-08-29 00:00:00,2026.0,ada,NO,
La Juntada De Los Artistas|Sergio Torres,SERGIO TORRES / Enganchado En Vivo en LA JUNTADA DE LOS ARTISTAS,La Juntada De Los Artistas|Sergio Torres,Tatuaje,BK4DA2678720,1200214967208.0,2026-08-29 00:00:00,2026.0,ada,NO,
La Juntada De Los Artistas|Sergio Torres,SERGIO TORRES / Enganchado En Vivo en LA JUNTADA DE LOS ARTISTAS,La Juntada De Los Artistas|Sergio Torres,Necesito Una Droga,BK4DA2678721,1200214967208.0,2026-08-29 00:00:00,2026.0,ada,NO,
La Juntada De Los Artistas|Sergio Torres,SERGIO TORRES / Enganchado En Vivo en LA JUNTADA DE LOS ARTISTAS,La Juntada De Los Artistas|Sergio Torres,Amor de Chat,BK4DA2678722,1200214967208.0,2026-08-29 00:00:00,2026.0,ada,NO,
Aneley|Daniel Agostini|Chaparral,AÚN SIGO VIVO,Aneley|Daniel Agostini|Chaparral,AÚN SIGO VIVO,QT8CF2679004,5063962711792.0,2026-09-02 00:00:00,2026.0,soundon,NO,
Mamiyosoyelth,LOS DUEÑOS DEL CHICHE,Mamiyosoyelth|Lihueeel|El Pesa 9,PERREO TROKA,NL8RL2697248,8721554476784.0,2026-09-03 00:00:00,2026.0,fuga,NO,
Mamiyosoyelth,LOS DUEÑOS DEL CHICHE,Mamiyosoyelth|Eric Santana,PERREO WIGO WIGO,NL8RL2697255,8721554476784.0,2026-09-03 00:00:00,2026.0,fuga,NO,
Mamiyosoyelth,LOS DUEÑOS DEL CHICHE,Mamiyosoyelth|El Pesa 9,PERREO TAMO EN LA COCINA,NL8RL2697250,8721554476784.0,2026-09-03 00:00:00,2026.0,fuga,NO,
Mamiyosoyelth,LOS DUEÑOS DEL CHICHE,Mamiyosoyelth|Eric Santana,MEGA TH,NL8RL2697251,8721554476784.0,2026-09-03 00:00:00,2026.0,fuga,NO,
Mamiyosoyelth,LOS DUEÑOS DEL CHICHE,Mamiyosoyelth|Eric Santana,PERREO DESCONTROLANDO,NL8RL2697252,8721554476784.0,2026-09-03 00:00:00,2026.0,fuga,NO,
Mamiyosoyelth,LOS DUEÑOS DEL CHICHE,Mamiyosoyelth|Eric Santana,PERREO APAGADERA DE CINE,NL8RL2697253,8721554476784.0,2026-09-03 00:00:00,2026.0,fuga,NO,
Mamiyosoyelth,LOS DUEÑOS DEL CHICHE,Mamiyosoyelth|Eric Santana,PERREO ROMPI,NL8RL2697254,8721554476784.0,2026-09-03 00:00:00,2026.0,fuga,NO,
Para El Mundo|Agustina Riavec featuring Aneley,Te pido (feat. Aneley),Para El Mundo|Agustina Riavec featuring Aneley,Te pido (feat. Aneley),BK4DA2679201,1200220043644.0,2026-09-02 00:00:00,2026.0,ada,NO,
Tito Ventura|Anthony Godfather,Samba Mambo - Radio Edit,Tito Ventura|Anthony Godfather,Samba Mambo - Radio Edit,NL8RL2698261,8721554517739.0,2026-09-17 00:00:00,2026.0,fuga,NO,
Tito Ventura|Anthony Godfather,Samba Mambo - Extended Mix,Tito Ventura|Anthony Godfather,Samba Mambo - Extended Mix,NL8RL2698247,8721554517111.0,2026-09-17 00:00:00,2026.0,fuga,NO,
La Juntada De Los Artistas|Candu Dominguez|G Sony,Recuérdame,La Juntada De Los Artistas|Candu Dominguez|G Sony,Recuérdame,BK4DA2680488,1200220057207.0,2026-09-05 00:00:00,2026.0,ada,NO,
La Juntada De Los Artistas|Candu Dominguez|G Sony,Todo lo Perdí Por Ti / Lost On You,La Juntada De Los Artistas|Candu Dominguez|G Sony,Todo lo Perdí Por Ti / Lost On You,BK4DA2680489,1200220057252.0,2026-09-05 00:00:00,2026.0,ada,NO,
La Juntada De Los Artistas|Candu Dominguez,CANDU DOMÍNGUEZ / Enganchado En Vivo en LA JUNTADA DE LOS ARTISTAS,La Juntada De Los Artistas|Candu Dominguez,El Hombre Que Yo Amo,BK4DA2680490,1200220057313.0,2026-09-05 00:00:00,2026.0,ada,NO,
La Juntada De Los Artistas|Candu Dominguez,CANDU DOMÍNGUEZ / Enganchado En Vivo en LA JUNTADA DE LOS ARTISTAS,La Juntada De Los Artistas|Candu Dominguez,"Ya Llegaré, Libre Soy",BK4DA2680491,1200220057313.0,2026-09-05 00:00:00,2026.0,ada,NO,
La Juntada De Los Artistas|Candu Dominguez,CANDU DOMÍNGUEZ / Enganchado En Vivo en LA JUNTADA DE LOS ARTISTAS,La Juntada De Los Artistas|Candu Dominguez,Cosas Imposibles,BK4DA2680492,1200220057313.0,2026-09-05 00:00:00,2026.0,ada,NO,
La Juntada De Los Artistas|G Sony,G SONY / Enganchado En Vivo en LA JUNTADA DE LOS ARTISTAS,La Juntada De Los Artistas|G Sony,Te Conozco Bien,BK4DA2680493,1200220057436.0,2026-09-05 00:00:00,2026.0,ada,NO,
La Juntada De Los Artistas|G Sony,G SONY / Enganchado En Vivo en LA JUNTADA DE LOS ARTISTAS,La Juntada De Los Artistas|G Sony,Impro Freestyle,BK4DA2680494,1200220057436.0,2026-09-05 00:00:00,2026.0,ada,NO,
La Juntada De Los Artistas|G Sony,G SONY / Enganchado En Vivo en LA JUNTADA DE LOS ARTISTAS,La Juntada De Los Artistas|G Sony,Asignatura Pendiente,BK4DA2680495,1200220057436.0,2026-09-05 00:00:00,2026.0,ada,NO,
Caned Gonzalez|Santygolden,Vamos a Desconocernos,Caned Gonzalez|Santygolden,Vamos a Desconocernos,ARDL12600151,8721554545893.0,2026-09-04 00:00:00,2026.0,fuga,NO,
DJ Plaga|Del40suena0,Boom Shakalaka,DJ Plaga|Del40suena0,Boom Shakalaka,BK4DA2681516,1200220070466.0,2026-09-06 00:00:00,2026.0,ada,NO,
